{"stat.leaveGame":2,"stat.pickup.toughasnails.purified_water_bottle":1,"stat.pickup.minecraft.stone_pickaxe":2,"stat.pickup.minecraft.flint":1,"stat.mineBlock.minecraft.yellow_flower":1,"stat.mineBlock.srparasites.gore":4,"stat.pickup.minecraft.dark_oak_boat":2,"stat.swimOneCm":29943,"stat.useItem.minecraft.planks":210,"stat.climbOneCm":5512,"stat.useItem.minecraft.dirt":5,"stat.useItem.minecraft.stone_slab2":25,"stat.pickup.harvestcraft.seaweeditem":2,"stat.pickup.minecraft.iron_boots":2,"stat.pickup.minecraft.rotten_flesh":1,"stat.pickup.minecraft.sand":36,"stat.craftItem.minecraft.furnace":3,"stat.pickup.thermalfoundation.ore":2,"stat.craftItem.minecraft.stone_axe":4,"stat.craftItem.minecraft.stone_pickaxe":3,"stat.craftItem.minecraft.cooked_beef":31,"stat.pickup.minecraft.cobblestone":128,"stat.useItem.minecraft.stone_shovel":160,"stat.flyOneCm":282219,"stat.craftItem.minecraft.glass_bottle":12,"stat.mineBlock.minecraft.sand":36,"stat.drop.minecraft.wheat_seeds":1,"stat.useItem.minecraft.cooked_beef":23,"stat.mineBlock.minecraft.iron_ore":6,"stat.timeSinceDeath":3459,"stat.craftItem.minecraft.wooden_pickaxe":3,"stat.pickup.minecraft.mutton":15,"stat.craftItem.minecraft.bed":1,"stat.pickup.cgm.basic_ammo":128,"stat.mineBlock.thermalfoundation.ore":2,"stat.furnaceInteraction":40,"stat.mineBlock.minecraft.coal_ore":40,"stat.pickup.cgm.advanced_ammo":192,"stat.pickup.minecraft.beef":37,"stat.pickup.harvestcraft.asparagusitem":3,"stat.pickup.minecraft.furnace":3,"stat.useItem.minecraft.cooked_mutton":5,"stat.sprintOneCm":148303,"stat.pickup.minecraft.iron_chestplate":2,"stat.drop.minecraft.leather":3,"stat.craftItem.minecraft.stick":32,"stat.craftItem.toughasnails.purified_water_bottle":12,"stat.mineBlock.minecraft.crafting_table":7,"stat.mineBlock.harvestcraft.pamdragonfruit":1,"stat.useItem.minecraft.beef":2,"stat.craftItem.minecraft.dark_oak_boat":2,"stat.deaths":12,"stat.mineBlock.minecraft.planks":8,"stat.drop":9,"stat.playOneMinute":119027,"stat.killEntity.Sheep":9,"stat.pickup.cgm.shell":128,"stat.killEntity.Zombie":2,"stat.drop.minecraft.glass_bottle":2,"stat.mineBlock.minecraft.tallgrass":13,"stat.craftItem.minecraft.cooked_mutton":9,"stat.diveOneCm":34232,"stat.drop.toughasnails.purified_water_bottle":1,"stat.pickup.cgm.scope":1,"stat.pickup.minecraft.gravel":8,"stat.pickup.minecraft.waterlily":3,"stat.useItem.minecraft.glass_bottle":18,"stat.pickup.minecraft.stone_axe":2,"stat.useItem.minecraft.potion":2,"stat.jump":1487,"stat.useItem.minecraft.sand":8,"stat.pickup.minecraft.coal":40,"stat.pickup.minecraft.iron_helmet":2,"stat.fallOneCm":33214,"stat.useItem.minecraft.dark_oak_boat":3,"stat.useItem.minecraft.stone_axe":290,"stat.crouchOneCm":39946,"stat.pickup.minecraft.dirt":161,"stat.pickup.minecraft.melon":7,"stat.pickup.cgm.assault_rifle":1,"stat.craftingTableInteraction":29,"stat.pickup.minecraft.iron_ore":6,"stat.boatOneCm":967033,"stat.mineBlock.minecraft.log2":56,"stat.pickup.minecraft.wooden_pickaxe":2,"stat.damageTaken":4008,"stat.pickup.minecraft.leather":21,"stat.pickup.minecraft.feather":4,"stat.mineBlock.minecraft.furnace":3,"stat.mineBlock.minecraft.melon_block":1,"stat.useItem.minecraft.wooden_pickaxe":55,"stat.pickup.srparasites.assimilated_flesh":5,"stat.pickup.minecraft.log2":55,"stat.pickup.minecraft.planks":83,"stat.pickup.minecraft.iron_leggings":2,"stat.pickup.minecraft.wheat_seeds":7,"stat.drop.cgm.rifle":1,"stat.mineBlock.minecraft.gravel":7,"stat.useItem.minecraft.stone_pickaxe":160,"stat.damageDealt":3961,"stat.craftItem.minecraft.glass":14,"stat.sleepInBed":1,"stat.killEntity.Cow":19,"stat.mineBlock.minecraft.dirt":161,"stat.useItem.minecraft.crafting_table":3,"stat.craftItem.minecraft.stone_shovel":2,"stat.walkOneCm":193343,"stat.drop.minecraft.rotten_flesh":1,"stat.pickup.minecraft.crafting_table":7,"stat.pickup.harvestcraft.greengrapeitem":4,"stat.useItem.minecraft.cobblestone":5,"stat.craftItem.minecraft.crafting_table":7,"stat.pickup.cgm.rifle":3,"stat.craftItem.minecraft.boat":1,"stat.pickup.minecraft.log":117,"stat.useItem.minecraft.melon":7,"stat.pickup.minecraft.stone":1,"stat.pickup.minecraft.chicken":2,"stat.pickup.minecraft.sapling":4,"stat.pickup.cgm.shotgun":1,"stat.craftItem.minecraft.planks":404,"stat.killEntity.Chicken":2,"stat.mobKills":33,"stat.mineBlock.minecraft.log":118,"stat.mineBlock.minecraft.waterlily":1,"stat.useItem.minecraft.boat":1,"stat.mineBlock.minecraft.leaves":24,"stat.pickup.minecraft.red_flower":2,"stat.sneakTime":12676,"stat.pickup.minecraft.wool":9,"stat.mineBlock.harvestcraft.soggygarden":2,"stat.pickup.minecraft.yellow_flower":1,"stat.mineBlock.minecraft.stone":129}