{"stat.pickup.minecraft.bone":1,"stat.useItem.minecraft.iron_axe":1,"stat.leaveGame":4,"stat.pickup.toughasnails.purified_water_bottle":1,"stat.pickup.minecraft.stone_pickaxe":2,"stat.pickup.minecraft.flint":1,"stat.mineBlock.minecraft.yellow_flower":1,"stat.craftItem.minecraft.iron_axe":1,"stat.mineBlock.srparasites.gore":4,"stat.pickup.minecraft.dark_oak_boat":2,"stat.swimOneCm":35541,"stat.useItem.minecraft.planks":210,"stat.climbOneCm":5512,"stat.useItem.minecraft.dirt":6,"stat.useItem.minecraft.stone_slab2":33,"stat.pickup.harvestcraft.seaweeditem":2,"stat.pickup.minecraft.iron_boots":2,"stat.pickup.minecraft.rotten_flesh":1,"stat.pickup.minecraft.sand":36,"stat.craftItem.minecraft.furnace":4,"stat.pickup.thermalfoundation.ore":2,"stat.craftItem.minecraft.stone_axe":4,"stat.pickup.harvestcraft.sweetpotatoitem":1,"stat.craftItem.minecraft.stone_pickaxe":4,"stat.craftItem.minecraft.cooked_beef":31,"stat.pickup.minecraft.cobblestone":167,"stat.useItem.minecraft.stone_shovel":160,"stat.flyOneCm":344893,"stat.craftItem.minecraft.glass_bottle":12,"stat.mineBlock.minecraft.sand":36,"stat.drop.minecraft.wheat_seeds":1,"stat.useItem.minecraft.cooked_beef":23,"stat.mineBlock.minecraft.iron_ore":27,"stat.timeSinceDeath":13180,"stat.useItem.minecraft.iron_pickaxe":6,"stat.craftItem.minecraft.wooden_pickaxe":4,"stat.pickup.minecraft.mutton":15,"stat.pickup.minecraft.double_plant":1,"stat.craftItem.minecraft.bed":1,"stat.pickup.cgm.basic_ammo":128,"stat.mineBlock.thermalfoundation.ore":2,"stat.furnaceInteraction":56,"stat.mineBlock.minecraft.coal_ore":40,"stat.killEntity.Creeper":2,"stat.pickup.cgm.advanced_ammo":384,"stat.pickup.minecraft.beef":37,"stat.pickup.harvestcraft.asparagusitem":3,"stat.pickup.minecraft.furnace":4,"stat.useItem.minecraft.cooked_mutton":5,"stat.pickup.harvestcraft.gourmetvenisonburgeritem":64,"stat.sprintOneCm":171292,"stat.pickup.minecraft.iron_chestplate":2,"stat.drop.minecraft.leather":3,"stat.craftItem.minecraft.stick":44,"stat.craftItem.toughasnails.purified_water_bottle":12,"stat.mineBlock.minecraft.crafting_table":8,"stat.mineBlock.harvestcraft.pamdragonfruit":1,"stat.useItem.minecraft.beef":2,"stat.craftItem.minecraft.dark_oak_boat":2,"stat.deaths":15,"stat.mineBlock.minecraft.planks":8,"stat.drop":9,"stat.playOneMinute":140449,"stat.killEntity.Sheep":9,"stat.pickup.cgm.shell":128,"stat.craftItem.minecraft.iron_pickaxe":1,"stat.useItem.harvestcraft.gourmetvenisonburgeritem":1,"stat.killEntity.Zombie":3,"stat.drop.minecraft.glass_bottle":2,"stat.mineBlock.minecraft.tallgrass":40,"stat.craftItem.minecraft.cooked_mutton":9,"stat.diveOneCm":34831,"stat.pickup.harvestcraft.garlicitem":1,"stat.drop.toughasnails.purified_water_bottle":1,"stat.pickup.harvestcraft.tomatoitem":1,"stat.pickup.cgm.scope":1,"stat.pickup.minecraft.gravel":8,"stat.pickup.minecraft.waterlily":3,"stat.pickup.minecraft.arrow":2,"stat.useItem.minecraft.glass_bottle":18,"stat.pickup.minecraft.stone_axe":2,"stat.useItem.minecraft.potion":2,"stat.jump":1786,"stat.useItem.minecraft.sand":8,"stat.pickup.minecraft.coal":40,"stat.pickup.minecraft.iron_helmet":2,"stat.fallOneCm":39483,"stat.pickup.minecraft.iron_ingot":3,"stat.useItem.minecraft.dark_oak_boat":3,"stat.useItem.minecraft.stone_axe":290,"stat.pickup.minecraft.gunpowder":1,"stat.crouchOneCm":46181,"stat.mineBlock.harvestcraft.shadedgarden":1,"stat.craftItem.minecraft.iron_ingot":21,"stat.pickup.minecraft.dirt":165,"stat.craftItem.minecraft.iron_helmet":1,"stat.pickup.minecraft.melon":7,"stat.pickup.cgm.assault_rifle":2,"stat.craftingTableInteraction":39,"stat.pickup.minecraft.iron_ore":27,"stat.boatOneCm":967033,"stat.mineBlock.minecraft.log2":63,"stat.pickup.minecraft.wooden_pickaxe":2,"stat.damageTaken":5013,"stat.pickup.minecraft.leather":21,"stat.pickup.minecraft.feather":4,"stat.mineBlock.minecraft.furnace":4,"stat.mineBlock.minecraft.melon_block":1,"stat.useItem.minecraft.wooden_pickaxe":58,"stat.pickup.srparasites.assimilated_flesh":5,"stat.pickup.minecraft.log2":62,"stat.pickup.minecraft.planks":83,"stat.pickup.minecraft.iron_leggings":2,"stat.pickup.minecraft.wheat_seeds":9,"stat.drop.cgm.rifle":1,"stat.mineBlock.minecraft.gravel":7,"stat.useItem.minecraft.stone_pickaxe":215,"stat.damageDealt":4010,"stat.craftItem.minecraft.glass":14,"stat.sleepInBed":1,"stat.killEntity.Cow":19,"stat.mineBlock.minecraft.dirt":165,"stat.useItem.minecraft.crafting_table":3,"stat.craftItem.minecraft.stone_shovel":2,"stat.walkOneCm":233098,"stat.drop.minecraft.rotten_flesh":1,"stat.pickup.minecraft.crafting_table":8,"stat.pickup.harvestcraft.greengrapeitem":4,"stat.useItem.minecraft.cobblestone":14,"stat.craftItem.minecraft.crafting_table":8,"stat.pickup.cgm.rifle":3,"stat.craftItem.minecraft.boat":1,"stat.pickup.minecraft.log":122,"stat.useItem.minecraft.melon":7,"stat.pickup.minecraft.stone":2,"stat.craftItem.minecraft.iron_chestplate":1,"stat.pickup.minecraft.chicken":2,"stat.pickup.minecraft.sapling":5,"stat.killEntity.Skeleton":1,"stat.pickup.cgm.shotgun":1,"stat.craftItem.minecraft.planks":452,"stat.killEntity.Chicken":2,"stat.mobKills":38,"stat.mineBlock.minecraft.log":123,"stat.mineBlock.minecraft.waterlily":1,"stat.useItem.minecraft.golden_apple":4,"stat.useItem.minecraft.boat":1,"stat.pickup.toughasnails.wool_leggings":1,"stat.mineBlock.minecraft.leaves":24,"stat.pickup.minecraft.red_flower":2,"stat.sneakTime":14653,"stat.pickup.minecraft.wool":9,"stat.mineBlock.harvestcraft.soggygarden":2,"stat.pickup.minecraft.yellow_flower":1,"stat.mineBlock.minecraft.stone":169}