{"stat.pickup.toughasnails.purified_water_bottle":1,"stat.pickup.minecraft.stone_pickaxe":2,"stat.mineBlock.srparasites.gore":4,"stat.pickup.minecraft.dark_oak_boat":1,"stat.swimOneCm":15628,"stat.useItem.minecraft.planks":210,"stat.climbOneCm":1329,"stat.useItem.minecraft.dirt":2,"stat.useItem.minecraft.stone_slab2":20,"stat.pickup.harvestcraft.seaweeditem":2,"stat.pickup.minecraft.rotten_flesh":1,"stat.pickup.minecraft.sand":32,"stat.craftItem.minecraft.furnace":2,"stat.pickup.thermalfoundation.ore":2,"stat.craftItem.minecraft.stone_axe":2,"stat.craftItem.minecraft.stone_pickaxe":2,"stat.craftItem.minecraft.cooked_beef":31,"stat.pickup.minecraft.cobblestone":92,"stat.useItem.minecraft.stone_shovel":160,"stat.flyOneCm":122623,"stat.craftItem.minecraft.glass_bottle":9,"stat.mineBlock.minecraft.sand":32,"stat.useItem.minecraft.cooked_beef":23,"stat.mineBlock.minecraft.iron_ore":6,"stat.timeSinceDeath":3695,"stat.craftItem.minecraft.wooden_pickaxe":1,"stat.pickup.minecraft.mutton":6,"stat.craftItem.minecraft.bed":1,"stat.mineBlock.thermalfoundation.ore":2,"stat.furnaceInteraction":30,"stat.mineBlock.minecraft.coal_ore":40,"stat.pickup.minecraft.beef":34,"stat.pickup.harvestcraft.asparagusitem":3,"stat.pickup.minecraft.furnace":2,"stat.sprintOneCm":76484,"stat.craftItem.minecraft.stick":24,"stat.craftItem.toughasnails.purified_water_bottle":11,"stat.mineBlock.minecraft.crafting_table":5,"stat.craftItem.minecraft.dark_oak_boat":1,"stat.deaths":5,"stat.mineBlock.minecraft.planks":8,"stat.drop":4,"stat.playOneMinute":54612,"stat.killEntity.Sheep":3,"stat.killEntity.Zombie":2,"stat.drop.minecraft.glass_bottle":2,"stat.mineBlock.minecraft.tallgrass":5,"stat.diveOneCm":19775,"stat.drop.toughasnails.purified_water_bottle":1,"stat.pickup.minecraft.gravel":4,"stat.pickup.minecraft.waterlily":3,"stat.useItem.minecraft.glass_bottle":14,"stat.pickup.minecraft.stone_axe":2,"stat.useItem.minecraft.potion":2,"stat.jump":713,"stat.useItem.minecraft.sand":8,"stat.pickup.minecraft.coal":40,"stat.fallOneCm":12813,"stat.useItem.minecraft.dark_oak_boat":1,"stat.useItem.minecraft.stone_axe":167,"stat.crouchOneCm":31081,"stat.pickup.minecraft.dirt":154,"stat.craftingTableInteraction":18,"stat.pickup.minecraft.iron_ore":6,"stat.boatOneCm":40260,"stat.mineBlock.minecraft.log2":31,"stat.pickup.minecraft.wooden_pickaxe":2,"stat.damageTaken":1950,"stat.pickup.minecraft.leather":18,"stat.mineBlock.minecraft.furnace":2,"stat.useItem.minecraft.wooden_pickaxe":32,"stat.pickup.srparasites.assimilated_flesh":5,"stat.pickup.minecraft.log2":30,"stat.pickup.minecraft.planks":31,"stat.pickup.minecraft.wheat_seeds":6,"stat.mineBlock.minecraft.gravel":2,"stat.useItem.minecraft.stone_pickaxe":139,"stat.damageDealt":3214,"stat.craftItem.minecraft.glass":11,"stat.sleepInBed":1,"stat.killEntity.Cow":18,"stat.mineBlock.minecraft.dirt":154,"stat.craftItem.minecraft.stone_shovel":2,"stat.walkOneCm":129116,"stat.drop.minecraft.rotten_flesh":1,"stat.pickup.minecraft.crafting_table":5,"stat.pickup.harvestcraft.greengrapeitem":3,"stat.craftItem.minecraft.crafting_table":3,"stat.pickup.minecraft.log":49,"stat.pickup.minecraft.stone":1,"stat.pickup.minecraft.sapling":3,"stat.craftItem.minecraft.planks":288,"stat.mobKills":24,"stat.mineBlock.minecraft.log":50,"stat.mineBlock.minecraft.waterlily":1,"stat.mineBlock.minecraft.leaves":5,"stat.sneakTime":9084,"stat.pickup.minecraft.wool":3,"stat.mineBlock.harvestcraft.soggygarden":1,"stat.mineBlock.minecraft.stone":93}