{"stat.pickup.minecraft.dark_oak_boat":1,"stat.swimOneCm":13445,"stat.useItem.minecraft.planks":52,"stat.climbOneCm":1090,"stat.useItem.minecraft.stone_slab2":14,"stat.pickup.harvestcraft.seaweeditem":1,"stat.pickup.minecraft.sand":32,"stat.craftItem.minecraft.furnace":2,"stat.pickup.thermalfoundation.ore":2,"stat.craftItem.minecraft.stone_axe":2,"stat.craftItem.minecraft.stone_pickaxe":2,"stat.craftItem.minecraft.cooked_beef":31,"stat.pickup.minecraft.cobblestone":90,"stat.useItem.minecraft.stone_shovel":160,"stat.flyOneCm":84651,"stat.craftItem.minecraft.glass_bottle":9,"stat.mineBlock.minecraft.sand":32,"stat.useItem.minecraft.cooked_beef":12,"stat.mineBlock.minecraft.iron_ore":6,"stat.timeSinceDeath":40889,"stat.craftItem.minecraft.wooden_pickaxe":1,"stat.pickup.minecraft.mutton":6,"stat.craftItem.minecraft.bed":1,"stat.mineBlock.thermalfoundation.ore":2,"stat.furnaceInteraction":30,"stat.mineBlock.minecraft.coal_ore":40,"stat.pickup.minecraft.beef":34,"stat.pickup.harvestcraft.asparagusitem":1,"stat.pickup.minecraft.furnace":2,"stat.sprintOneCm":49931,"stat.craftItem.minecraft.stick":16,"stat.craftItem.toughasnails.purified_water_bottle":11,"stat.mineBlock.minecraft.crafting_table":5,"stat.craftItem.minecraft.dark_oak_boat":1,"stat.deaths":4,"stat.mineBlock.minecraft.planks":5,"stat.drop":2,"stat.playOneMinute":42912,"stat.killEntity.Sheep":3,"stat.killEntity.Zombie":1,"stat.drop.minecraft.glass_bottle":2,"stat.mineBlock.minecraft.tallgrass":5,"stat.diveOneCm":17126,"stat.pickup.minecraft.gravel":2,"stat.pickup.minecraft.waterlily":3,"stat.useItem.minecraft.glass_bottle":13,"stat.useItem.minecraft.potion":1,"stat.jump":496,"stat.useItem.minecraft.sand":8,"stat.pickup.minecraft.coal":40,"stat.fallOneCm":9709,"stat.useItem.minecraft.dark_oak_boat":1,"stat.useItem.minecraft.stone_axe":128,"stat.crouchOneCm":28302,"stat.pickup.minecraft.dirt":143,"stat.craftingTableInteraction":17,"stat.pickup.minecraft.iron_ore":6,"stat.boatOneCm":40260,"stat.mineBlock.minecraft.log2":31,"stat.damageTaken":1440,"stat.pickup.minecraft.leather":18,"stat.mineBlock.minecraft.furnace":2,"stat.useItem.minecraft.wooden_pickaxe":32,"stat.pickup.minecraft.log2":30,"stat.pickup.minecraft.planks":28,"stat.pickup.minecraft.wheat_seeds":2,"stat.mineBlock.minecraft.gravel":2,"stat.useItem.minecraft.stone_pickaxe":137,"stat.damageDealt":2238,"stat.craftItem.minecraft.glass":11,"stat.killEntity.Cow":18,"stat.mineBlock.minecraft.dirt":153,"stat.craftItem.minecraft.stone_shovel":2,"stat.walkOneCm":95972,"stat.pickup.minecraft.crafting_table":5,"stat.pickup.harvestcraft.greengrapeitem":1,"stat.craftItem.minecraft.crafting_table":2,"stat.pickup.minecraft.log":39,"stat.pickup.minecraft.stone":1,"stat.pickup.minecraft.sapling":3,"stat.craftItem.minecraft.planks":120,"stat.mobKills":22,"stat.mineBlock.minecraft.log":39,"stat.mineBlock.minecraft.waterlily":1,"stat.mineBlock.minecraft.leaves":5,"stat.sneakTime":7793,"stat.pickup.minecraft.wool":3,"stat.mineBlock.harvestcraft.soggygarden":1,"stat.mineBlock.minecraft.stone":91}