{"stat.leaveGame":1,"stat.pickup.toughasnails.purified_water_bottle":1,"stat.pickup.minecraft.stone_pickaxe":2,"stat.mineBlock.srparasites.gore":4,"stat.pickup.minecraft.dark_oak_boat":2,"stat.swimOneCm":20572,"stat.useItem.minecraft.planks":210,"stat.climbOneCm":2348,"stat.useItem.minecraft.dirt":5,"stat.useItem.minecraft.stone_slab2":24,"stat.pickup.harvestcraft.seaweeditem":2,"stat.pickup.minecraft.rotten_flesh":1,"stat.pickup.minecraft.sand":32,"stat.craftItem.minecraft.furnace":2,"stat.pickup.thermalfoundation.ore":2,"stat.craftItem.minecraft.stone_axe":3,"stat.craftItem.minecraft.stone_pickaxe":3,"stat.craftItem.minecraft.cooked_beef":31,"stat.pickup.minecraft.cobblestone":128,"stat.useItem.minecraft.stone_shovel":160,"stat.flyOneCm":197410,"stat.craftItem.minecraft.glass_bottle":9,"stat.mineBlock.minecraft.sand":32,"stat.useItem.minecraft.cooked_beef":23,"stat.mineBlock.minecraft.iron_ore":6,"stat.timeSinceDeath":22748,"stat.craftItem.minecraft.wooden_pickaxe":3,"stat.pickup.minecraft.mutton":15,"stat.craftItem.minecraft.bed":1,"stat.mineBlock.thermalfoundation.ore":2,"stat.furnaceInteraction":30,"stat.mineBlock.minecraft.coal_ore":40,"stat.pickup.minecraft.beef":37,"stat.pickup.harvestcraft.asparagusitem":3,"stat.pickup.minecraft.furnace":2,"stat.sprintOneCm":112027,"stat.craftItem.minecraft.stick":32,"stat.craftItem.toughasnails.purified_water_bottle":11,"stat.mineBlock.minecraft.crafting_table":6,"stat.mineBlock.harvestcraft.pamdragonfruit":1,"stat.useItem.minecraft.beef":2,"stat.craftItem.minecraft.dark_oak_boat":2,"stat.deaths":8,"stat.mineBlock.minecraft.planks":8,"stat.drop":4,"stat.playOneMinute":81514,"stat.killEntity.Sheep":9,"stat.killEntity.Zombie":2,"stat.drop.minecraft.glass_bottle":2,"stat.mineBlock.minecraft.tallgrass":9,"stat.diveOneCm":22784,"stat.drop.toughasnails.purified_water_bottle":1,"stat.pickup.minecraft.gravel":4,"stat.pickup.minecraft.waterlily":3,"stat.useItem.minecraft.glass_bottle":14,"stat.pickup.minecraft.stone_axe":2,"stat.useItem.minecraft.potion":2,"stat.jump":1051,"stat.useItem.minecraft.sand":8,"stat.pickup.minecraft.coal":40,"stat.fallOneCm":22256,"stat.useItem.minecraft.dark_oak_boat":2,"stat.useItem.minecraft.stone_axe":275,"stat.crouchOneCm":36720,"stat.pickup.minecraft.dirt":161,"stat.pickup.minecraft.melon":7,"stat.craftingTableInteraction":23,"stat.pickup.minecraft.iron_ore":6,"stat.boatOneCm":533671,"stat.mineBlock.minecraft.log2":56,"stat.pickup.minecraft.wooden_pickaxe":2,"stat.damageTaken":2670,"stat.pickup.minecraft.leather":18,"stat.mineBlock.minecraft.furnace":2,"stat.mineBlock.minecraft.melon_block":1,"stat.useItem.minecraft.wooden_pickaxe":55,"stat.pickup.srparasites.assimilated_flesh":5,"stat.pickup.minecraft.log2":55,"stat.pickup.minecraft.planks":31,"stat.pickup.minecraft.wheat_seeds":6,"stat.mineBlock.minecraft.gravel":2,"stat.useItem.minecraft.stone_pickaxe":159,"stat.damageDealt":3818,"stat.craftItem.minecraft.glass":11,"stat.sleepInBed":1,"stat.killEntity.Cow":19,"stat.mineBlock.minecraft.dirt":161,"stat.useItem.minecraft.crafting_table":1,"stat.craftItem.minecraft.stone_shovel":2,"stat.walkOneCm":152790,"stat.drop.minecraft.rotten_flesh":1,"stat.pickup.minecraft.crafting_table":6,"stat.pickup.harvestcraft.greengrapeitem":3,"stat.craftItem.minecraft.crafting_table":5,"stat.pickup.minecraft.log":107,"stat.pickup.minecraft.stone":1,"stat.pickup.minecraft.sapling":4,"stat.craftItem.minecraft.planks":388,"stat.mobKills":31,"stat.mineBlock.minecraft.log":108,"stat.mineBlock.minecraft.waterlily":1,"stat.mineBlock.minecraft.leaves":24,"stat.sneakTime":11816,"stat.pickup.minecraft.wool":9,"stat.mineBlock.harvestcraft.soggygarden":1,"stat.mineBlock.minecraft.stone":129}