{"stat.chestOpened":2,"stat.walkOneCm":30915,"stat.pickup.minecraft.golden_apple":15,"stat.playerKills":1,"stat.pickup.cgm.basic_ammo":128,"stat.pickup.minecraft.wooden_axe":1,"stat.leaveGame":1,"stat.useItem.minecraft.log":1,"stat.pickup.harvestcraft.mangoitem":128,"stat.pickup.cgm.handgun":1,"stat.mineBlock.srparasites.gore":1,"stat.pickup.minecraft.dark_oak_boat":1,"stat.pickup.minecraft.log":4,"stat.jump":150,"stat.swimOneCm":17810,"stat.pickup.harvestcraft.bananaitem":64,"stat.pickup.minecraft.iron_helmet":1,"stat.climbOneCm":105,"stat.useItem.minecraft.planks":3,"stat.fallOneCm":2749,"stat.crouchOneCm":659,"stat.pickup.minecraft.glass":4,"stat.pickup.minecraft.sapling":1,"stat.pickup.minecraft.dirt":16,"stat.sprintOneCm":11507,"stat.pickup.minecraft.iron_chestplate":1,"stat.useItem.minecraft.stone_slab2":4,"stat.drop.srparasites.assimilated_flesh":3,"stat.pickup.minecraft.iron_boots":1,"stat.pickup.cgm.workbench":1,"stat.pickup.minecraft.sand":5,"stat.boatOneCm":20970,"stat.craftItem.minecraft.planks":16,"stat.useItem.minecraft.iron_sword":1,"stat.pickup.harvestcraft.queenbeeitem":1,"stat.pickup.minecraft.wooden_pickaxe":1,"stat.damageTaken":1566,"stat.mobKills":30,"stat.pickup.minecraft.cobblestone":8,"stat.drop.minecraft.golden_apple":5,"stat.pickup.srparasites.assimilated_flesh":13,"stat.mineBlock.minecraft.log":5,"stat.pickup.minecraft.planks":56,"stat.pickup.minecraft.iron_leggings":1,"stat.useItem.minecraft.golden_apple":1,"stat.flyOneCm":55970,"stat.mineBlock.minecraft.planks":1,"stat.deaths":6,"stat.pickup.magneticraft.ores":4,"stat.drop":8,"stat.playOneMinute":43974,"stat.entityKilledBy.Zombie":1,"stat.pickup.cgm.shell":63,"stat.sneakTime":486,"stat.damageDealt":145,"stat.timeSinceDeath":11436,"stat.useItem.minecraft.iron_pickaxe":9,"stat.mineBlock.minecraft.stone":8,"stat.mineBlock.minecraft.tallgrass":2,"stat.diveOneCm":20692,"stat.mineBlock.magneticraft.ores":1}