{"stat.chestOpened":2,"stat.pickup.minecraft.bone":2,"stat.useItem.minecraft.iron_axe":11,"stat.leaveGame":2,"stat.pickup.minecraft.arrow":2,"stat.mineBlock.minecraft.cobblestone":2,"stat.mineBlock.nocubessrpnests.neststonedark":2,"stat.pickup.harvestcraft.mangoitem":128,"stat.mineBlock.srparasites.gore":2,"stat.pickup.minecraft.dark_oak_boat":1,"stat.jump":401,"stat.swimOneCm":20837,"stat.pickup.harvestcraft.bananaitem":64,"stat.pickup.minecraft.iron_helmet":1,"stat.climbOneCm":105,"stat.useItem.minecraft.planks":4,"stat.fallOneCm":6075,"stat.pickup.minecraft.porkchop":8,"stat.pickup.minecraft.gunpowder":2,"stat.pickup.nocubessrpnests.neststonedark":2,"stat.crouchOneCm":3805,"stat.pickup.minecraft.glass":4,"stat.pickup.minecraft.dirt":27,"stat.killEntity.betteranimalsplus.boar":6,"stat.useItem.minecraft.stone_slab2":5,"stat.pickup.minecraft.iron_boots":1,"stat.pickup.minecraft.rotten_flesh":1,"stat.pickup.minecraft.sand":5,"stat.boatOneCm":20970,"stat.pickup.thermalfoundation.ore":6,"stat.pickup.minecraft.wooden_pickaxe":1,"stat.damageTaken":3435,"stat.mineBlock.nocubessrpnests.neststonespikes":2,"stat.pickup.minecraft.cobblestone":30,"stat.pickup.srparasites.assimilated_flesh":15,"stat.pickup.minecraft.planks":57,"stat.pickup.minecraft.iron_leggings":1,"stat.pickup.nocubessrpnests.neststonespikes":2,"stat.flyOneCm":100700,"stat.pickup.magneticraft.ores":5,"stat.drop.modularwarfare.tcp.ak74":1,"stat.entityKilledBy.Zombie":1,"stat.damageDealt":754,"stat.sleepInBed":1,"stat.timeSinceDeath":16871,"stat.useItem.minecraft.iron_pickaxe":61,"stat.mineBlock.minecraft.dirt":10,"stat.mineBlock.magneticraft.ores":2,"stat.pickup.minecraft.double_plant":1,"stat.walkOneCm":69844,"stat.pickup.minecraft.golden_apple":15,"stat.playerKills":1,"stat.drop.modularwarfare.tcp.akammo":4,"stat.pickup.cgm.basic_ammo":128,"stat.pickup.minecraft.wooden_axe":1,"stat.pickup.betteranimalsplus.boarhead_3":1,"stat.drop.modularwarfare.prototype.uziammo":4,"stat.useItem.minecraft.log":1,"stat.pickup.thermalfoundation.material":2,"stat.mineBlock.thermalfoundation.ore":6,"stat.mineBlock.nocubessrpnests.neststonelight":7,"stat.mineBlock.minecraft.double_plant":1,"stat.pickup.cgm.handgun":1,"stat.pickup.srparasites.lurecomponent1":2,"stat.killEntity.Creeper":6,"stat.pickup.minecraft.log":11,"stat.pickup.minecraft.stone":2,"stat.pickup.minecraft.sapling":1,"stat.sprintOneCm":33363,"stat.pickup.minecraft.iron_chestplate":1,"stat.drop.srparasites.assimilated_flesh":3,"stat.pickup.cgm.workbench":1,"stat.killEntity.Skeleton":3,"stat.craftItem.minecraft.planks":16,"stat.useItem.minecraft.iron_sword":16,"stat.pickup.nocubessrpnests.neststonelight":7,"stat.pickup.harvestcraft.queenbeeitem":1,"stat.mobKills":51,"stat.drop.minecraft.golden_apple":5,"stat.mineBlock.minecraft.log":12,"stat.useItem.minecraft.golden_apple":1,"stat.mineBlock.minecraft.planks":2,"stat.deaths":11,"stat.drop":17,"stat.playOneMinute":64411,"stat.pickup.cgm.shell":63,"stat.sneakTime":1491,"stat.useItem.harvestcraft.gourmetvenisonburgeritem":3,"stat.killEntity.Zombie":3,"stat.mineBlock.minecraft.stone":32,"stat.killEntity.thermalfoundation.blitz":1,"stat.mineBlock.minecraft.tallgrass":5,"stat.diveOneCm":26635}