{"stat.walkOneCm":3104,"stat.craftItem.minecraft.planks":16,"stat.pickup.minecraft.wooden_axe":1,"stat.leaveGame":1,"stat.pickup.minecraft.wooden_pickaxe":1,"stat.mineBlock.minecraft.log":4,"stat.pickup.minecraft.planks":1,"stat.pickup.minecraft.log":4,"stat.flyOneCm":12279,"stat.mineBlock.minecraft.planks":1,"stat.jump":38,"stat.playOneMinute":6174,"stat.fallOneCm":836,"stat.useItem.minecraft.planks":3,"stat.sneakTime":25,"stat.damageDealt":28,"stat.crouchOneCm":48,"stat.timeSinceDeath":6174,"stat.sprintOneCm":2212,"stat.mineBlock.minecraft.tallgrass":2}