{"stat.pickup.minecraft.log":4,"stat.flyOneCm":10870,"stat.mineBlock.minecraft.planks":1,"stat.walkOneCm":2523,"stat.jump":36,"stat.playOneMinute":4650,"stat.fallOneCm":836,"stat.useItem.minecraft.planks":3,"stat.craftItem.minecraft.planks":16,"stat.pickup.minecraft.wooden_axe":1,"stat.leaveGame":1,"stat.sneakTime":25,"stat.pickup.minecraft.wooden_pickaxe":1,"stat.crouchOneCm":48,"stat.timeSinceDeath":4650,"stat.sprintOneCm":2200,"stat.mineBlock.minecraft.log":4,"stat.mineBlock.minecraft.tallgrass":2,"stat.pickup.minecraft.planks":1}