{"stat.chestOpened":2,"stat.pickup.minecraft.bone":2,"stat.useItem.minecraft.iron_axe":3,"stat.leaveGame":2,"stat.pickup.minecraft.arrow":2,"stat.pickup.harvestcraft.mangoitem":128,"stat.mineBlock.srparasites.gore":2,"stat.pickup.minecraft.dark_oak_boat":1,"stat.jump":230,"stat.swimOneCm":17810,"stat.pickup.harvestcraft.bananaitem":64,"stat.pickup.minecraft.iron_helmet":1,"stat.climbOneCm":105,"stat.useItem.minecraft.planks":4,"stat.fallOneCm":2958,"stat.crouchOneCm":1029,"stat.pickup.minecraft.glass":4,"stat.pickup.minecraft.dirt":27,"stat.useItem.minecraft.stone_slab2":5,"stat.pickup.minecraft.iron_boots":1,"stat.pickup.minecraft.sand":5,"stat.boatOneCm":20970,"stat.pickup.minecraft.wooden_pickaxe":1,"stat.damageTaken":3271,"stat.pickup.minecraft.cobblestone":10,"stat.pickup.srparasites.assimilated_flesh":15,"stat.pickup.minecraft.planks":57,"stat.pickup.minecraft.iron_leggings":1,"stat.flyOneCm":73964,"stat.pickup.magneticraft.ores":4,"stat.drop.modularwarfare.tcp.ak74":1,"stat.entityKilledBy.Zombie":1,"stat.damageDealt":384,"stat.timeSinceDeath":4271,"stat.useItem.minecraft.iron_pickaxe":22,"stat.mineBlock.minecraft.dirt":10,"stat.mineBlock.magneticraft.ores":1,"stat.pickup.minecraft.double_plant":1,"stat.walkOneCm":46569,"stat.pickup.minecraft.golden_apple":15,"stat.playerKills":1,"stat.drop.modularwarfare.tcp.akammo":4,"stat.pickup.cgm.basic_ammo":128,"stat.pickup.minecraft.wooden_axe":1,"stat.drop.modularwarfare.prototype.uziammo":4,"stat.useItem.minecraft.log":1,"stat.mineBlock.minecraft.double_plant":1,"stat.pickup.cgm.handgun":1,"stat.pickup.srparasites.lurecomponent1":2,"stat.killEntity.Creeper":1,"stat.pickup.minecraft.log":4,"stat.pickup.minecraft.stone":2,"stat.pickup.minecraft.sapling":1,"stat.sprintOneCm":19046,"stat.pickup.minecraft.iron_chestplate":1,"stat.drop.srparasites.assimilated_flesh":3,"stat.pickup.cgm.workbench":1,"stat.killEntity.Skeleton":1,"stat.craftItem.minecraft.planks":16,"stat.useItem.minecraft.iron_sword":9,"stat.pickup.harvestcraft.queenbeeitem":1,"stat.mobKills":34,"stat.drop.minecraft.golden_apple":5,"stat.mineBlock.minecraft.log":5,"stat.useItem.minecraft.golden_apple":1,"stat.mineBlock.minecraft.planks":2,"stat.deaths":11,"stat.drop":17,"stat.playOneMinute":51811,"stat.pickup.cgm.shell":63,"stat.sneakTime":697,"stat.mineBlock.minecraft.stone":13,"stat.mineBlock.minecraft.tallgrass":4,"stat.diveOneCm":20692}