{"stat.chestOpened":2,"stat.walkOneCm":14957,"stat.boatOneCm":20970,"stat.craftItem.minecraft.planks":16,"stat.pickup.cgm.basic_ammo":64,"stat.pickup.minecraft.wooden_axe":1,"stat.leaveGame":1,"stat.pickup.harvestcraft.queenbeeitem":1,"stat.pickup.minecraft.wooden_pickaxe":1,"stat.damageTaken":1140,"stat.pickup.cgm.handgun":1,"stat.mineBlock.minecraft.log":5,"stat.pickup.minecraft.planks":1,"stat.pickup.minecraft.dark_oak_boat":1,"stat.pickup.minecraft.iron_leggings":1,"stat.pickup.minecraft.log":4,"stat.flyOneCm":39919,"stat.mineBlock.minecraft.planks":1,"stat.deaths":4,"stat.pickup.magneticraft.ores":3,"stat.jump":96,"stat.swimOneCm":3440,"stat.playOneMinute":31374,"stat.pickup.minecraft.iron_helmet":1,"stat.fallOneCm":2540,"stat.useItem.minecraft.planks":3,"stat.climbOneCm":105,"stat.entityKilledBy.Zombie":1,"stat.sneakTime":189,"stat.damageDealt":86,"stat.crouchOneCm":368,"stat.timeSinceDeath":5281,"stat.pickup.minecraft.sapling":1,"stat.sprintOneCm":7375,"stat.pickup.minecraft.iron_chestplate":1,"stat.useItem.minecraft.stone_slab2":4,"stat.mineBlock.minecraft.tallgrass":2,"stat.pickup.minecraft.iron_boots":1,"stat.diveOneCm":12285}