{"stat.walkOneCm":5348,"stat.boatOneCm":20970,"stat.craftItem.minecraft.planks":16,"stat.pickup.minecraft.wooden_axe":1,"stat.leaveGame":1,"stat.pickup.minecraft.wooden_pickaxe":1,"stat.damageTaken":625,"stat.mineBlock.minecraft.log":4,"stat.pickup.minecraft.planks":1,"stat.pickup.minecraft.dark_oak_boat":1,"stat.pickup.minecraft.iron_leggings":1,"stat.pickup.minecraft.log":4,"stat.flyOneCm":16961,"stat.mineBlock.minecraft.planks":1,"stat.deaths":3,"stat.jump":59,"stat.swimOneCm":1703,"stat.playOneMinute":18774,"stat.pickup.minecraft.iron_helmet":1,"stat.fallOneCm":1045,"stat.useItem.minecraft.planks":3,"stat.climbOneCm":105,"stat.entityKilledBy.Zombie":1,"stat.sneakTime":63,"stat.damageDealt":47,"stat.crouchOneCm":207,"stat.timeSinceDeath":0,"stat.sprintOneCm":3452,"stat.pickup.minecraft.iron_chestplate":1,"stat.mineBlock.minecraft.tallgrass":2,"stat.pickup.minecraft.iron_boots":1,"stat.diveOneCm":4873}