{"stat.walkOneCm":11111,"stat.craftItem.minecraft.planks":24,"stat.leaveGame":6,"stat.damageTaken":505,"stat.craftItem.minecraft.crafting_table":1,"stat.mobKills":1,"stat.pickup.srparasites.assimilated_flesh":1,"stat.craftItem.minecraft.wooden_sword":1,"stat.mineBlock.minecraft.log":6,"stat.useItem.minecraft.beef":2,"stat.pickup.minecraft.log":6,"stat.flyOneCm":16505,"stat.deaths":1,"stat.drop":2,"stat.jump":161,"stat.mineBlock.minecraft.leaves":4,"stat.swimOneCm":711,"stat.playOneMinute":12213,"stat.entityKilledBy.Zombie":1,"stat.fallOneCm":2909,"stat.climbOneCm":1781,"stat.useItem.minecraft.planks":6,"stat.useItem.minecraft.wooden_sword":2,"stat.pickup.minecraft.beef":2,"stat.sneakTime":433,"stat.pickup.harvestcraft.brusselsproutitem":1,"stat.damageDealt":100,"stat.crouchOneCm":647,"stat.timeSinceDeath":8118,"stat.drop.harvestcraft.brusselsproutitem":1,"stat.pickup.minecraft.sapling":1,"stat.pickup.minecraft.dirt":4,"stat.killEntity.Cow":1,"stat.useItem.minecraft.dirt":3,"stat.sprintOneCm":10976,"stat.mineBlock.minecraft.dirt":5,"stat.useItem.minecraft.stone_slab2":4,"stat.craftItem.minecraft.wooden_pickaxe":1,"stat.drop.srparasites.assimilated_flesh":1,"stat.craftItem.minecraft.stick":8,"stat.craftItem.minecraft.wooden_axe":1,"stat.craftingTableInteraction":1}