{"stat.leaveGame":7,"stat.entityKilledBy.betteranimalsplus.shark":1,"stat.jump":209,"stat.swimOneCm":3961,"stat.pickup.minecraft.iron_helmet":1,"stat.fallOneCm":3594,"stat.climbOneCm":1781,"stat.useItem.minecraft.planks":6,"stat.crouchOneCm":2160,"stat.drop.harvestcraft.brusselsproutitem":1,"stat.pickup.minecraft.dirt":11,"stat.useItem.minecraft.dirt":3,"stat.useItem.minecraft.stone_slab2":4,"stat.pickup.minecraft.iron_boots":1,"stat.craftingTableInteraction":1,"stat.damageTaken":699,"stat.pickup.srparasites.assimilated_flesh":1,"stat.craftItem.minecraft.wooden_sword":1,"stat.pickup.minecraft.iron_leggings":1,"stat.flyOneCm":26543,"stat.entityKilledBy.Zombie":1,"stat.damageDealt":109,"stat.timeSinceDeath":735,"stat.killEntity.Cow":1,"stat.mineBlock.minecraft.dirt":9,"stat.craftItem.minecraft.wooden_pickaxe":1,"stat.walkOneCm":14716,"stat.pickup.cgm.basic_ammo":64,"stat.craftItem.minecraft.crafting_table":1,"stat.pickup.cgm.handgun":1,"stat.pickup.minecraft.log":6,"stat.pickup.minecraft.beef":2,"stat.pickup.harvestcraft.brusselsproutitem":1,"stat.pickup.minecraft.sapling":1,"stat.sprintOneCm":17355,"stat.pickup.minecraft.iron_chestplate":1,"stat.drop.srparasites.assimilated_flesh":1,"stat.craftItem.minecraft.stick":8,"stat.craftItem.minecraft.wooden_axe":1,"stat.craftItem.minecraft.planks":24,"stat.mobKills":1,"stat.mineBlock.minecraft.log":6,"stat.useItem.minecraft.beef":2,"stat.deaths":2,"stat.drop":2,"stat.mineBlock.minecraft.leaves":4,"stat.playOneMinute":18028,"stat.useItem.minecraft.wooden_sword":2,"stat.sneakTime":963,"stat.diveOneCm":15080}