{"stat.leaveGame":8,"stat.entityKilledBy.betteranimalsplus.shark":1,"stat.jump":346,"stat.swimOneCm":14154,"stat.pickup.minecraft.iron_helmet":1,"stat.fallOneCm":6754,"stat.climbOneCm":1962,"stat.useItem.minecraft.planks":6,"stat.crouchOneCm":2438,"stat.drop.harvestcraft.brusselsproutitem":1,"stat.pickup.minecraft.dirt":11,"stat.useItem.minecraft.dirt":3,"stat.useItem.minecraft.stone_slab2":4,"stat.pickup.minecraft.iron_boots":1,"stat.craftingTableInteraction":1,"stat.damageTaken":1024,"stat.mineBlock.minecraft.red_flower":1,"stat.pickup.srparasites.assimilated_flesh":1,"stat.craftItem.minecraft.wooden_sword":1,"stat.pickup.minecraft.iron_leggings":1,"stat.flyOneCm":67959,"stat.pickup.minecraft.wheat_seeds":3,"stat.entityKilledBy.Zombie":1,"stat.drop.minecraft.wheat_seeds":3,"stat.damageDealt":109,"stat.timeSinceDeath":233,"stat.killEntity.Cow":1,"stat.mineBlock.minecraft.dirt":9,"stat.craftItem.minecraft.wooden_pickaxe":1,"stat.walkOneCm":18196,"stat.pickup.cgm.basic_ammo":64,"stat.craftItem.minecraft.crafting_table":1,"stat.mineBlock.minecraft.double_plant":1,"stat.pickup.cgm.handgun":1,"stat.pickup.minecraft.log":6,"stat.pickup.minecraft.beef":2,"stat.pickup.harvestcraft.brusselsproutitem":1,"stat.pickup.minecraft.sapling":1,"stat.sprintOneCm":26754,"stat.pickup.minecraft.iron_chestplate":1,"stat.drop.srparasites.assimilated_flesh":1,"stat.craftItem.minecraft.stick":8,"stat.craftItem.minecraft.wooden_axe":1,"stat.craftItem.minecraft.planks":24,"stat.mobKills":1,"stat.mineBlock.minecraft.log":6,"stat.entityKilledBy.Creeper":1,"stat.useItem.minecraft.beef":2,"stat.deaths":4,"stat.drop":3,"stat.mineBlock.minecraft.leaves":4,"stat.playOneMinute":22078,"stat.useItem.minecraft.wooden_sword":2,"stat.sneakTime":1271,"stat.mineBlock.minecraft.tallgrass":21,"stat.diveOneCm":31841}