{"stat.pickup.minecraft.tripwire_hook":1,"stat.drop.minecraft.waterlily":1,"stat.pickup.minecraft.bone":3,"stat.useItem.nocubessrpsurvival.assimilatedsoup":1,"stat.leaveGame":1,"stat.useItem.harvestcraft.calamaricookeditem":2,"stat.pickup.betteranimalsplus.goose_egg":3,"stat.mineBlock.srparasites.gore":4,"stat.pickup.betteranimalsplus.crab_meat_raw":2,"stat.mineBlock.minecraft.concrete":8,"stat.pickup.srparasites.parasitecanister":1,"stat.pickup.minecraft.fishing_rod":1,"stat.swimOneCm":35476,"stat.drop.minecraft.saddle":2,"stat.useItem.minecraft.concrete_powder":7,"stat.climbOneCm":617,"stat.pickup.magneticraft.limestone":1,"stat.craftItem.minecraft.shield":1,"stat.useItem.minecraft.planks":18,"stat.craftItem.harvestcraft.calamaricookeditem":2,"stat.pickup.harvestcraft.sardinerawitem":1,"stat.pickup.minecraft.cooked_porkchop":1,"stat.drop.minecraft.bowl":1,"stat.pickup.minecraft.porkchop":27,"stat.useItem.minecraft.dirt":30,"stat.killEntity.betteranimalsplus.boar":6,"stat.useItem.minecraft.stone_slab2":39,"stat.pickup.harvestcraft.calamarirawitem":2,"stat.pickup.minecraft.iron_boots":1,"stat.useItem.minecraft.water_bucket":19,"stat.pickup.minecraft.rotten_flesh":9,"stat.pickup.minecraft.sand":4,"stat.craftItem.minecraft.furnace":2,"stat.useItem.minecraft.egg":2,"stat.craftItem.minecraft.stone_axe":1,"stat.pickup.harvestcraft.catfishrawitem":1,"stat.mineBlock.nocubessrpnests.nestegg":7,"stat.drop.cgm.assault_rifle":2,"stat.craftItem.minecraft.stone_pickaxe":1,"stat.craftItem.minecraft.cooked_beef":10,"stat.killEntity.Enderman":1,"stat.killEntity.betteranimalsplus.crab":2,"stat.pickup.minecraft.cobblestone":65,"stat.pickup.nocubessrpnests.neststonespikes":1,"stat.flyOneCm":380284,"stat.pickup.magneticraft.ores":3,"stat.mineBlock.minecraft.sand":4,"stat.pickup.minecraft.fish":5,"stat.pickup.harvestcraft.charrrawitem":3,"stat.drop.minecraft.wheat_seeds":2,"stat.useItem.minecraft.cooked_beef":16,"stat.craftItem.minecraft.cooked_fish":16,"stat.mineBlock.minecraft.iron_ore":40,"stat.timeSinceDeath":21363,"stat.drop.minecraft.log":3,"stat.useItem.minecraft.iron_pickaxe":93,"stat.craftItem.minecraft.wooden_pickaxe":1,"stat.drop.minecraft.spider_eye":1,"stat.useItem.betteranimalsplus.crab_meat_cooked":2,"stat.pickup.cgm.basic_ammo":32,"stat.mineBlock.minecraft.vine":1,"stat.furnaceInteraction":101,"stat.craftItem.minecraft.concrete_powder":8,"stat.drop.minecraft.dirt":1,"stat.useItem.minecraft.cooked_porkchop":23,"stat.killEntity.ZombieVillager":1,"stat.mineBlock.minecraft.coal_ore":23,"stat.pickup.srparasites.lurecomponent1":13,"stat.killEntity.Creeper":1,"stat.pickup.minecraft.string":8,"stat.pickup.minecraft.beef":16,"stat.pickup.minecraft.furnace":30,"stat.pickup.harvestcraft.mudfishrawitem":2,"stat.entityKilledBy.Skeleton":1,"stat.craftItem.minecraft.stone_slab2":0,"stat.mineBlock.cgm.workbench":4,"stat.killEntity.Squid":1,"stat.sprintOneCm":184200,"stat.pickup.harvestcraft.tunarawitem":1,"stat.drop.minecraft.fishing_rod":1,"stat.pickup.minecraft.iron_chestplate":1,"stat.drop.minecraft.leather":1,"stat.pickup.cgm.workbench":4,"stat.pickup.minecraft.skull":1,"stat.craftItem.minecraft.stick":16,"stat.craftItem.minecraft.stone":10,"stat.pickup.nocubessrpnests.neststonelight":1,"stat.mineBlock.harvestcraft.pamapple":1,"stat.pickup.nocubessrpnests.organicsample":18,"stat.mineBlock.minecraft.crafting_table":10,"stat.pickup.nocubessrpsurvival.ruptersalad":1,"stat.pickup.harvestcraft.perchrawitem":2,"stat.pickup.minecraft.saddle":3,"stat.entityKilledBy.betteranimalsplus.boar":1,"stat.deaths":5,"stat.mineBlock.minecraft.planks":6,"stat.pickup.minecraft.bowl":1,"stat.drop":25,"stat.pickup.minecraft.egg":2,"stat.playOneMinute":149836,"stat.craftItem.minecraft.iron_pickaxe":2,"stat.killEntity.Zombie":5,"stat.craftItem.minecraft.dye":7,"stat.mineBlock.minecraft.tallgrass":17,"stat.fishCaught":3,"stat.diveOneCm":66317,"stat.chestOpened":2,"stat.killEntity.betteranimalsplus.goose":3,"stat.pickup.minecraft.gravel":4,"stat.pickup.minecraft.arrow":3,"stat.pickup.minecraft.waterlily":1,"stat.craftItem.minecraft.cooked_porkchop":22,"stat.useItem.minecraft.porkchop":4,"stat.useItem.minecraft.rotten_flesh":5,"stat.craftItem.minecraft.iron_nugget":9,"stat.jump":1957,"stat.mineBlock.magneticraft.limestone":1,"stat.pickup.minecraft.coal":23,"stat.pickup.minecraft.iron_helmet":1,"stat.fallOneCm":46393,"stat.pickup.minecraft.iron_ingot":13,"stat.useItem.minecraft.stone_axe":100,"stat.drop.minecraft.stone_sword":1,"stat.pickup.minecraft.gunpowder":2,"stat.crouchOneCm":15003,"stat.pickup.minecraft.spider_eye":1,"stat.craftItem.minecraft.torch":4,"stat.craftItem.minecraft.iron_ingot":38,"stat.drop.harvestcraft.walnutitem":2,"stat.pickup.minecraft.dirt":34,"stat.pickup.harvestcraft.walnutitem":2,"stat.pickup.cgm.assault_rifle":3,"stat.useItem.minecraft.cooked_chicken":2,"stat.craftingTableInteraction":28,"stat.pickup.minecraft.iron_ore":40,"stat.boatOneCm":371211,"stat.pickup.harvestcraft.walleyerawitem":1,"stat.mineBlock.minecraft.leaves2":3,"stat.mineBlock.minecraft.log2":7,"stat.pickup.minecraft.feather":2,"stat.pickup.minecraft.leather":14,"stat.damageTaken":3347,"stat.mineBlock.minecraft.furnace":29,"stat.mineBlock.minecraft.torch":3,"stat.useItem.minecraft.wooden_pickaxe":3,"stat.useItem.minecraft.furnace":17,"stat.pickup.harvestcraft.herringrawitem":1,"stat.pickup.srparasites.assimilated_flesh":1,"stat.pickup.minecraft.log2":7,"stat.pickup.minecraft.dye":5,"stat.pickup.minecraft.planks":113,"stat.craftItem.cgm.workbench":1,"stat.pickup.minecraft.iron_leggings":1,"stat.pickup.minecraft.bed":1,"stat.pickup.minecraft.concrete":8,"stat.pickup.minecraft.wheat_seeds":3,"stat.pickup.harvestcraft.carprawitem":1,"stat.mineBlock.minecraft.gravel":4,"stat.useItem.minecraft.stone_pickaxe":95,"stat.damageDealt":7616,"stat.craftItem.minecraft.bowl":4,"stat.sleepInBed":1,"stat.killEntity.Cow":6,"stat.mineBlock.minecraft.dirt":26,"stat.mineBlock.harvestcraft.pamspiderweb":3,"stat.killEntity.Pig":4,"stat.craftItem.minecraft.iron_sword":1,"stat.mineBlock.magneticraft.ores":3,"stat.pickup.minecraft.boat":8,"stat.walkOneCm":238368,"stat.useItem.minecraft.torch":4,"stat.pickup.betteranimalsplus.boarhead_2":1,"stat.drop.minecraft.rotten_flesh":3,"stat.pickup.minecraft.crafting_table":10,"stat.useItem.minecraft.cobblestone":3,"stat.craftItem.minecraft.crafting_table":2,"stat.mineBlock.nocubessrpnests.neststonelight":1,"stat.mineBlock.minecraft.double_plant":1,"stat.pickup.cgm.handgun":1,"stat.craftItem.minecraft.boat":3,"stat.mineBlock.harvestcraft.pamgooseberry":1,"stat.pickup.minecraft.log":21,"stat.useItem.minecraft.cooked_fish":17,"stat.drop.nocubessrpsurvival.ruptersalad":1,"stat.pickup.harvestcraft.troutrawitem":2,"stat.craftItem.minecraft.iron_chestplate":1,"stat.pickup.minecraft.chicken":2,"stat.pickup.minecraft.sapling":1,"stat.pickup.minecraft.wooden_door":1,"stat.pickup.minecraft.cooked_beef":3,"stat.drop.srparasites.assimilated_flesh":1,"stat.killEntity.betteranimalsplus.bobbit_worm":1,"stat.killEntity.Skeleton":3,"stat.craftItem.minecraft.bucket":1,"stat.craftItem.minecraft.planks":100,"stat.useItem.minecraft.iron_sword":89,"stat.killEntity.betteranimalsplus.nautilus":1,"stat.killEntity.Chicken":2,"stat.killEntity.Spider":3,"stat.drop.cgm.handgun":1,"stat.craftItem.minecraft.fishing_rod":1,"stat.useItem.betteranimalsplus.goose_egg":3,"stat.mobKills":63,"stat.mineBlock.minecraft.log":17,"stat.craftItem.minecraft.wooden_door":3,"stat.craftItem.minecraft.cooked_chicken":2,"stat.useItem.minecraft.wooden_door":1,"stat.craftItem.betteranimalsplus.crab_meat_cooked":2,"stat.useItem.minecraft.golden_apple":5,"stat.useItem.minecraft.boat":10,"stat.mineBlock.minecraft.leaves":4,"stat.pickup.nocubessrpsurvival.assimilatedsoup":1,"stat.pickup.minecraft.torch":3,"stat.mineBlock.srparasites.parasitecanister":1,"stat.sneakTime":6428,"stat.drop.minecraft.arrow":3,"stat.pickup.minecraft.cooked_fish":1,"stat.mineBlock.minecraft.stone":66,"stat.useItem.minecraft.fishing_rod":29}