{"stat.pickup.minecraft.tripwire_hook":1,"stat.pickup.minecraft.bone":2,"stat.leaveGame":1,"stat.useItem.harvestcraft.calamaricookeditem":2,"stat.mineBlock.minecraft.concrete":8,"stat.pickup.srparasites.parasitecanister":1,"stat.swimOneCm":13293,"stat.useItem.minecraft.concrete_powder":7,"stat.climbOneCm":206,"stat.pickup.magneticraft.limestone":1,"stat.craftItem.minecraft.shield":1,"stat.useItem.minecraft.planks":18,"stat.craftItem.harvestcraft.calamaricookeditem":2,"stat.pickup.minecraft.cooked_porkchop":1,"stat.pickup.minecraft.porkchop":12,"stat.useItem.minecraft.dirt":25,"stat.useItem.minecraft.stone_slab2":26,"stat.pickup.harvestcraft.calamarirawitem":2,"stat.useItem.minecraft.water_bucket":10,"stat.pickup.minecraft.rotten_flesh":2,"stat.pickup.minecraft.sand":4,"stat.craftItem.minecraft.furnace":2,"stat.useItem.minecraft.egg":2,"stat.craftItem.minecraft.stone_axe":1,"stat.pickup.harvestcraft.catfishrawitem":1,"stat.craftItem.minecraft.stone_pickaxe":1,"stat.craftItem.minecraft.cooked_beef":10,"stat.pickup.minecraft.cobblestone":62,"stat.flyOneCm":165447,"stat.pickup.magneticraft.ores":3,"stat.mineBlock.minecraft.sand":4,"stat.pickup.minecraft.fish":4,"stat.pickup.harvestcraft.charrrawitem":2,"stat.useItem.minecraft.cooked_beef":8,"stat.craftItem.minecraft.cooked_fish":14,"stat.mineBlock.minecraft.iron_ore":30,"stat.timeSinceDeath":40421,"stat.drop.minecraft.log":3,"stat.useItem.minecraft.iron_pickaxe":51,"stat.craftItem.minecraft.wooden_pickaxe":1,"stat.drop.minecraft.spider_eye":1,"stat.mineBlock.minecraft.vine":1,"stat.furnaceInteraction":63,"stat.craftItem.minecraft.concrete_powder":8,"stat.drop.minecraft.dirt":1,"stat.useItem.minecraft.cooked_porkchop":8,"stat.mineBlock.minecraft.coal_ore":21,"stat.pickup.minecraft.string":8,"stat.pickup.minecraft.beef":15,"stat.pickup.minecraft.furnace":14,"stat.pickup.harvestcraft.mudfishrawitem":2,"stat.craftItem.minecraft.stone_slab2":0,"stat.mineBlock.cgm.workbench":2,"stat.killEntity.Squid":1,"stat.sprintOneCm":97960,"stat.pickup.harvestcraft.tunarawitem":1,"stat.pickup.cgm.workbench":2,"stat.pickup.minecraft.skull":1,"stat.craftItem.minecraft.stick":16,"stat.craftItem.minecraft.stone":10,"stat.pickup.nocubessrpnests.neststonelight":1,"stat.mineBlock.harvestcraft.pamapple":1,"stat.mineBlock.minecraft.crafting_table":7,"stat.pickup.harvestcraft.perchrawitem":2,"stat.deaths":3,"stat.mineBlock.minecraft.planks":6,"stat.drop":10,"stat.pickup.minecraft.egg":2,"stat.playOneMinute":86836,"stat.craftItem.minecraft.iron_pickaxe":1,"stat.killEntity.Zombie":1,"stat.craftItem.minecraft.dye":7,"stat.mineBlock.minecraft.tallgrass":3,"stat.fishCaught":3,"stat.diveOneCm":35908,"stat.pickup.minecraft.gravel":4,"stat.pickup.minecraft.arrow":3,"stat.craftItem.minecraft.cooked_porkchop":7,"stat.jump":991,"stat.mineBlock.magneticraft.limestone":1,"stat.pickup.minecraft.coal":21,"stat.fallOneCm":20682,"stat.pickup.minecraft.iron_ingot":1,"stat.useItem.minecraft.stone_axe":35,"stat.crouchOneCm":13116,"stat.pickup.minecraft.spider_eye":1,"stat.craftItem.minecraft.torch":4,"stat.craftItem.minecraft.iron_ingot":29,"stat.drop.harvestcraft.walnutitem":2,"stat.pickup.minecraft.dirt":31,"stat.pickup.harvestcraft.walnutitem":2,"stat.useItem.minecraft.cooked_chicken":2,"stat.craftingTableInteraction":23,"stat.pickup.minecraft.iron_ore":30,"stat.boatOneCm":59505,"stat.pickup.harvestcraft.walleyerawitem":1,"stat.mineBlock.minecraft.leaves2":3,"stat.pickup.minecraft.feather":2,"stat.pickup.minecraft.leather":7,"stat.damageTaken":1581,"stat.mineBlock.minecraft.furnace":13,"stat.mineBlock.minecraft.torch":3,"stat.useItem.minecraft.wooden_pickaxe":3,"stat.useItem.minecraft.furnace":8,"stat.pickup.harvestcraft.herringrawitem":1,"stat.pickup.minecraft.dye":3,"stat.pickup.minecraft.planks":29,"stat.craftItem.cgm.workbench":1,"stat.pickup.minecraft.concrete":8,"stat.pickup.harvestcraft.carprawitem":1,"stat.mineBlock.minecraft.gravel":4,"stat.useItem.minecraft.stone_pickaxe":95,"stat.damageDealt":2407,"stat.killEntity.Cow":5,"stat.mineBlock.minecraft.dirt":26,"stat.mineBlock.harvestcraft.pamspiderweb":3,"stat.killEntity.Pig":4,"stat.craftItem.minecraft.iron_sword":1,"stat.mineBlock.magneticraft.ores":3,"stat.pickup.minecraft.boat":2,"stat.walkOneCm":118099,"stat.useItem.minecraft.torch":4,"stat.drop.minecraft.rotten_flesh":1,"stat.pickup.minecraft.crafting_table":7,"stat.useItem.minecraft.cobblestone":3,"stat.craftItem.minecraft.crafting_table":1,"stat.mineBlock.nocubessrpnests.neststonelight":1,"stat.pickup.cgm.handgun":1,"stat.craftItem.minecraft.boat":1,"stat.mineBlock.harvestcraft.pamgooseberry":1,"stat.pickup.minecraft.log":16,"stat.useItem.minecraft.cooked_fish":9,"stat.pickup.harvestcraft.troutrawitem":2,"stat.craftItem.minecraft.iron_chestplate":1,"stat.pickup.minecraft.chicken":2,"stat.pickup.minecraft.sapling":1,"stat.pickup.minecraft.wooden_door":1,"stat.pickup.minecraft.cooked_beef":2,"stat.killEntity.betteranimalsplus.bobbit_worm":1,"stat.killEntity.Skeleton":3,"stat.craftItem.minecraft.bucket":1,"stat.craftItem.minecraft.planks":52,"stat.useItem.minecraft.iron_sword":32,"stat.killEntity.Chicken":2,"stat.killEntity.Spider":2,"stat.drop.cgm.handgun":1,"stat.craftItem.minecraft.fishing_rod":1,"stat.mobKills":19,"stat.mineBlock.minecraft.log":13,"stat.craftItem.minecraft.wooden_door":3,"stat.craftItem.minecraft.cooked_chicken":2,"stat.useItem.minecraft.wooden_door":1,"stat.useItem.minecraft.boat":2,"stat.mineBlock.minecraft.leaves":3,"stat.pickup.minecraft.torch":3,"stat.mineBlock.srparasites.parasitecanister":1,"stat.sneakTime":5552,"stat.drop.minecraft.arrow":3,"stat.pickup.minecraft.cooked_fish":1,"stat.mineBlock.minecraft.stone":63,"stat.useItem.minecraft.fishing_rod":23}