{"stat.pickup.minecraft.tripwire_hook":1,"stat.pickup.minecraft.bone":2,"stat.leaveGame":1,"stat.useItem.harvestcraft.calamaricookeditem":2,"stat.mineBlock.minecraft.concrete":8,"stat.swimOneCm":6137,"stat.useItem.minecraft.concrete_powder":7,"stat.climbOneCm":206,"stat.pickup.magneticraft.limestone":1,"stat.craftItem.minecraft.shield":1,"stat.useItem.minecraft.planks":14,"stat.craftItem.harvestcraft.calamaricookeditem":2,"stat.pickup.minecraft.cooked_porkchop":1,"stat.pickup.minecraft.porkchop":12,"stat.useItem.minecraft.dirt":15,"stat.useItem.minecraft.stone_slab2":21,"stat.pickup.harvestcraft.calamarirawitem":2,"stat.useItem.minecraft.water_bucket":9,"stat.pickup.minecraft.rotten_flesh":1,"stat.pickup.minecraft.sand":4,"stat.craftItem.minecraft.furnace":2,"stat.useItem.minecraft.egg":2,"stat.craftItem.minecraft.stone_axe":1,"stat.craftItem.minecraft.stone_pickaxe":1,"stat.craftItem.minecraft.cooked_beef":6,"stat.pickup.minecraft.cobblestone":59,"stat.flyOneCm":132574,"stat.pickup.magneticraft.ores":3,"stat.mineBlock.minecraft.sand":4,"stat.useItem.minecraft.cooked_beef":8,"stat.craftItem.minecraft.cooked_fish":1,"stat.mineBlock.minecraft.iron_ore":30,"stat.timeSinceDeath":16121,"stat.drop.minecraft.log":3,"stat.useItem.minecraft.iron_pickaxe":35,"stat.craftItem.minecraft.wooden_pickaxe":1,"stat.drop.minecraft.spider_eye":1,"stat.mineBlock.minecraft.vine":1,"stat.furnaceInteraction":40,"stat.craftItem.minecraft.concrete_powder":8,"stat.useItem.minecraft.cooked_porkchop":8,"stat.mineBlock.minecraft.coal_ore":21,"stat.pickup.minecraft.string":7,"stat.pickup.minecraft.beef":11,"stat.pickup.minecraft.furnace":9,"stat.craftItem.minecraft.stone_slab2":0,"stat.mineBlock.cgm.workbench":1,"stat.killEntity.Squid":1,"stat.sprintOneCm":80667,"stat.pickup.cgm.workbench":1,"stat.craftItem.minecraft.stick":16,"stat.craftItem.minecraft.stone":2,"stat.mineBlock.harvestcraft.pamapple":1,"stat.mineBlock.minecraft.crafting_table":7,"stat.pickup.harvestcraft.perchrawitem":1,"stat.deaths":3,"stat.mineBlock.minecraft.planks":2,"stat.drop":8,"stat.pickup.minecraft.egg":2,"stat.playOneMinute":62536,"stat.craftItem.minecraft.iron_pickaxe":1,"stat.killEntity.Zombie":1,"stat.craftItem.minecraft.dye":7,"stat.mineBlock.minecraft.tallgrass":3,"stat.diveOneCm":21754,"stat.pickup.minecraft.gravel":4,"stat.pickup.minecraft.arrow":3,"stat.craftItem.minecraft.cooked_porkchop":7,"stat.jump":773,"stat.mineBlock.magneticraft.limestone":1,"stat.pickup.minecraft.coal":21,"stat.fallOneCm":15545,"stat.pickup.minecraft.iron_ingot":1,"stat.useItem.minecraft.stone_axe":31,"stat.crouchOneCm":9966,"stat.pickup.minecraft.spider_eye":1,"stat.craftItem.minecraft.torch":4,"stat.craftItem.minecraft.iron_ingot":29,"stat.drop.harvestcraft.walnutitem":2,"stat.pickup.minecraft.dirt":17,"stat.pickup.harvestcraft.walnutitem":2,"stat.useItem.minecraft.cooked_chicken":2,"stat.craftingTableInteraction":23,"stat.pickup.minecraft.iron_ore":30,"stat.boatOneCm":59505,"stat.mineBlock.minecraft.leaves2":3,"stat.pickup.minecraft.feather":2,"stat.pickup.minecraft.leather":4,"stat.damageTaken":1136,"stat.mineBlock.minecraft.furnace":9,"stat.mineBlock.minecraft.torch":2,"stat.useItem.minecraft.wooden_pickaxe":3,"stat.useItem.minecraft.furnace":5,"stat.pickup.minecraft.dye":3,"stat.pickup.minecraft.planks":3,"stat.craftItem.cgm.workbench":1,"stat.pickup.minecraft.concrete":8,"stat.mineBlock.minecraft.gravel":4,"stat.useItem.minecraft.stone_pickaxe":95,"stat.damageDealt":2207,"stat.killEntity.Cow":3,"stat.mineBlock.minecraft.dirt":17,"stat.mineBlock.harvestcraft.pamspiderweb":3,"stat.killEntity.Pig":4,"stat.craftItem.minecraft.iron_sword":1,"stat.mineBlock.magneticraft.ores":3,"stat.pickup.minecraft.boat":1,"stat.walkOneCm":102304,"stat.useItem.minecraft.torch":3,"stat.drop.minecraft.rotten_flesh":1,"stat.pickup.minecraft.crafting_table":7,"stat.useItem.minecraft.cobblestone":3,"stat.craftItem.minecraft.crafting_table":1,"stat.craftItem.minecraft.boat":1,"stat.mineBlock.harvestcraft.pamgooseberry":1,"stat.pickup.minecraft.log":16,"stat.useItem.minecraft.cooked_fish":1,"stat.craftItem.minecraft.iron_chestplate":1,"stat.pickup.minecraft.chicken":2,"stat.pickup.minecraft.sapling":1,"stat.pickup.minecraft.wooden_door":1,"stat.pickup.minecraft.cooked_beef":2,"stat.killEntity.betteranimalsplus.bobbit_worm":1,"stat.killEntity.Skeleton":3,"stat.craftItem.minecraft.bucket":1,"stat.craftItem.minecraft.planks":52,"stat.useItem.minecraft.iron_sword":28,"stat.killEntity.Chicken":2,"stat.killEntity.Spider":2,"stat.craftItem.minecraft.fishing_rod":1,"stat.mobKills":17,"stat.mineBlock.minecraft.log":13,"stat.craftItem.minecraft.wooden_door":3,"stat.craftItem.minecraft.cooked_chicken":2,"stat.useItem.minecraft.wooden_door":1,"stat.useItem.minecraft.boat":2,"stat.mineBlock.minecraft.leaves":3,"stat.pickup.minecraft.torch":2,"stat.sneakTime":4104,"stat.drop.minecraft.arrow":3,"stat.mineBlock.minecraft.stone":60,"stat.useItem.minecraft.fishing_rod":3}