{"stat.pickup.minecraft.tripwire_hook":1,"stat.pickup.minecraft.bone":2,"stat.useItem.nocubessrpsurvival.assimilatedsoup":1,"stat.leaveGame":1,"stat.useItem.harvestcraft.calamaricookeditem":2,"stat.pickup.betteranimalsplus.crab_meat_raw":2,"stat.mineBlock.minecraft.concrete":8,"stat.pickup.srparasites.parasitecanister":1,"stat.swimOneCm":14825,"stat.useItem.minecraft.concrete_powder":7,"stat.climbOneCm":206,"stat.pickup.magneticraft.limestone":1,"stat.craftItem.minecraft.shield":1,"stat.useItem.minecraft.planks":18,"stat.craftItem.harvestcraft.calamaricookeditem":2,"stat.pickup.minecraft.cooked_porkchop":1,"stat.drop.minecraft.bowl":1,"stat.pickup.minecraft.porkchop":12,"stat.useItem.minecraft.dirt":26,"stat.useItem.minecraft.stone_slab2":30,"stat.pickup.harvestcraft.calamarirawitem":2,"stat.useItem.minecraft.water_bucket":17,"stat.pickup.minecraft.rotten_flesh":2,"stat.pickup.minecraft.sand":4,"stat.craftItem.minecraft.furnace":2,"stat.useItem.minecraft.egg":2,"stat.craftItem.minecraft.stone_axe":1,"stat.pickup.harvestcraft.catfishrawitem":1,"stat.craftItem.minecraft.stone_pickaxe":1,"stat.craftItem.minecraft.cooked_beef":10,"stat.killEntity.betteranimalsplus.crab":2,"stat.pickup.minecraft.cobblestone":65,"stat.flyOneCm":188568,"stat.pickup.magneticraft.ores":3,"stat.mineBlock.minecraft.sand":4,"stat.pickup.minecraft.fish":4,"stat.pickup.harvestcraft.charrrawitem":2,"stat.useItem.minecraft.cooked_beef":12,"stat.craftItem.minecraft.cooked_fish":14,"stat.mineBlock.minecraft.iron_ore":40,"stat.timeSinceDeath":53021,"stat.drop.minecraft.log":3,"stat.useItem.minecraft.iron_pickaxe":74,"stat.craftItem.minecraft.wooden_pickaxe":1,"stat.drop.minecraft.spider_eye":1,"stat.mineBlock.minecraft.vine":1,"stat.furnaceInteraction":73,"stat.craftItem.minecraft.concrete_powder":8,"stat.drop.minecraft.dirt":1,"stat.useItem.minecraft.cooked_porkchop":8,"stat.mineBlock.minecraft.coal_ore":23,"stat.killEntity.Creeper":1,"stat.pickup.minecraft.string":8,"stat.pickup.minecraft.beef":15,"stat.pickup.minecraft.furnace":22,"stat.pickup.harvestcraft.mudfishrawitem":2,"stat.craftItem.minecraft.stone_slab2":0,"stat.mineBlock.cgm.workbench":2,"stat.killEntity.Squid":1,"stat.sprintOneCm":109161,"stat.pickup.harvestcraft.tunarawitem":1,"stat.pickup.cgm.workbench":2,"stat.pickup.minecraft.skull":1,"stat.craftItem.minecraft.stick":16,"stat.craftItem.minecraft.stone":10,"stat.pickup.nocubessrpnests.neststonelight":1,"stat.mineBlock.harvestcraft.pamapple":1,"stat.pickup.nocubessrpnests.organicsample":1,"stat.mineBlock.minecraft.crafting_table":7,"stat.pickup.nocubessrpsurvival.ruptersalad":1,"stat.pickup.harvestcraft.perchrawitem":2,"stat.deaths":3,"stat.mineBlock.minecraft.planks":6,"stat.pickup.minecraft.bowl":1,"stat.drop":12,"stat.pickup.minecraft.egg":2,"stat.playOneMinute":99436,"stat.craftItem.minecraft.iron_pickaxe":1,"stat.killEntity.Zombie":1,"stat.craftItem.minecraft.dye":7,"stat.mineBlock.minecraft.tallgrass":3,"stat.fishCaught":3,"stat.diveOneCm":37177,"stat.pickup.minecraft.gravel":4,"stat.pickup.minecraft.arrow":3,"stat.craftItem.minecraft.cooked_porkchop":7,"stat.jump":1085,"stat.mineBlock.magneticraft.limestone":1,"stat.pickup.minecraft.coal":23,"stat.fallOneCm":24489,"stat.pickup.minecraft.iron_ingot":2,"stat.useItem.minecraft.stone_axe":37,"stat.pickup.minecraft.gunpowder":2,"stat.crouchOneCm":13945,"stat.pickup.minecraft.spider_eye":1,"stat.craftItem.minecraft.torch":4,"stat.craftItem.minecraft.iron_ingot":38,"stat.drop.harvestcraft.walnutitem":2,"stat.pickup.minecraft.dirt":34,"stat.pickup.harvestcraft.walnutitem":2,"stat.useItem.minecraft.cooked_chicken":2,"stat.craftingTableInteraction":26,"stat.pickup.minecraft.iron_ore":40,"stat.boatOneCm":216736,"stat.pickup.harvestcraft.walleyerawitem":1,"stat.mineBlock.minecraft.leaves2":3,"stat.pickup.minecraft.feather":2,"stat.pickup.minecraft.leather":7,"stat.damageTaken":1935,"stat.mineBlock.minecraft.furnace":21,"stat.mineBlock.minecraft.torch":3,"stat.useItem.minecraft.wooden_pickaxe":3,"stat.useItem.minecraft.furnace":12,"stat.pickup.harvestcraft.herringrawitem":1,"stat.pickup.minecraft.dye":5,"stat.pickup.minecraft.planks":33,"stat.craftItem.cgm.workbench":1,"stat.pickup.minecraft.concrete":8,"stat.pickup.harvestcraft.carprawitem":1,"stat.mineBlock.minecraft.gravel":4,"stat.useItem.minecraft.stone_pickaxe":95,"stat.damageDealt":2751,"stat.craftItem.minecraft.bowl":4,"stat.killEntity.Cow":5,"stat.mineBlock.minecraft.dirt":26,"stat.mineBlock.harvestcraft.pamspiderweb":3,"stat.killEntity.Pig":4,"stat.craftItem.minecraft.iron_sword":1,"stat.mineBlock.magneticraft.ores":3,"stat.pickup.minecraft.boat":4,"stat.walkOneCm":136658,"stat.useItem.minecraft.torch":4,"stat.drop.minecraft.rotten_flesh":1,"stat.pickup.minecraft.crafting_table":7,"stat.useItem.minecraft.cobblestone":3,"stat.craftItem.minecraft.crafting_table":1,"stat.mineBlock.nocubessrpnests.neststonelight":1,"stat.pickup.cgm.handgun":1,"stat.craftItem.minecraft.boat":1,"stat.mineBlock.harvestcraft.pamgooseberry":1,"stat.pickup.minecraft.log":17,"stat.useItem.minecraft.cooked_fish":15,"stat.drop.nocubessrpsurvival.ruptersalad":1,"stat.pickup.harvestcraft.troutrawitem":2,"stat.craftItem.minecraft.iron_chestplate":1,"stat.pickup.minecraft.chicken":2,"stat.pickup.minecraft.sapling":1,"stat.pickup.minecraft.wooden_door":1,"stat.pickup.minecraft.cooked_beef":2,"stat.killEntity.betteranimalsplus.bobbit_worm":1,"stat.killEntity.Skeleton":3,"stat.craftItem.minecraft.bucket":1,"stat.craftItem.minecraft.planks":56,"stat.useItem.minecraft.iron_sword":37,"stat.killEntity.Chicken":2,"stat.killEntity.Spider":2,"stat.drop.cgm.handgun":1,"stat.craftItem.minecraft.fishing_rod":1,"stat.mobKills":23,"stat.mineBlock.minecraft.log":13,"stat.craftItem.minecraft.wooden_door":3,"stat.craftItem.minecraft.cooked_chicken":2,"stat.useItem.minecraft.wooden_door":1,"stat.useItem.minecraft.boat":4,"stat.mineBlock.minecraft.leaves":3,"stat.pickup.nocubessrpsurvival.assimilatedsoup":1,"stat.pickup.minecraft.torch":3,"stat.mineBlock.srparasites.parasitecanister":1,"stat.sneakTime":5853,"stat.drop.minecraft.arrow":3,"stat.pickup.minecraft.cooked_fish":1,"stat.mineBlock.minecraft.stone":66,"stat.useItem.minecraft.fishing_rod":23}