{"stat.pickup.minecraft.bone":2,"stat.leaveGame":1,"stat.swimOneCm":3510,"stat.climbOneCm":206,"stat.pickup.magneticraft.limestone":1,"stat.craftItem.minecraft.shield":1,"stat.pickup.minecraft.cooked_porkchop":1,"stat.pickup.minecraft.porkchop":12,"stat.useItem.minecraft.dirt":15,"stat.useItem.minecraft.stone_slab2":15,"stat.useItem.minecraft.water_bucket":8,"stat.pickup.minecraft.rotten_flesh":1,"stat.craftItem.minecraft.furnace":2,"stat.useItem.minecraft.egg":2,"stat.craftItem.minecraft.stone_axe":1,"stat.craftItem.minecraft.stone_pickaxe":1,"stat.craftItem.minecraft.cooked_beef":6,"stat.pickup.minecraft.cobblestone":59,"stat.flyOneCm":115976,"stat.pickup.magneticraft.ores":3,"stat.useItem.minecraft.cooked_beef":8,"stat.mineBlock.minecraft.iron_ore":30,"stat.timeSinceDeath":3521,"stat.drop.minecraft.log":3,"stat.useItem.minecraft.iron_pickaxe":25,"stat.craftItem.minecraft.wooden_pickaxe":1,"stat.drop.minecraft.spider_eye":1,"stat.mineBlock.minecraft.vine":1,"stat.furnaceInteraction":31,"stat.useItem.minecraft.cooked_porkchop":8,"stat.mineBlock.minecraft.coal_ore":21,"stat.pickup.minecraft.string":3,"stat.pickup.minecraft.beef":11,"stat.pickup.minecraft.furnace":8,"stat.craftItem.minecraft.stone_slab2":0,"stat.sprintOneCm":64738,"stat.craftItem.minecraft.stick":12,"stat.mineBlock.minecraft.crafting_table":4,"stat.deaths":3,"stat.drop":8,"stat.pickup.minecraft.egg":2,"stat.playOneMinute":49936,"stat.craftItem.minecraft.iron_pickaxe":1,"stat.killEntity.Zombie":1,"stat.mineBlock.minecraft.tallgrass":3,"stat.diveOneCm":3100,"stat.pickup.minecraft.arrow":3,"stat.craftItem.minecraft.cooked_porkchop":7,"stat.jump":673,"stat.mineBlock.magneticraft.limestone":1,"stat.pickup.minecraft.coal":21,"stat.fallOneCm":13337,"stat.pickup.minecraft.iron_ingot":1,"stat.useItem.minecraft.stone_axe":25,"stat.crouchOneCm":8228,"stat.pickup.minecraft.spider_eye":1,"stat.craftItem.minecraft.torch":4,"stat.craftItem.minecraft.iron_ingot":29,"stat.drop.harvestcraft.walnutitem":2,"stat.pickup.minecraft.dirt":16,"stat.pickup.harvestcraft.walnutitem":2,"stat.useItem.minecraft.cooked_chicken":2,"stat.craftingTableInteraction":18,"stat.pickup.minecraft.iron_ore":30,"stat.boatOneCm":17222,"stat.mineBlock.minecraft.leaves2":3,"stat.pickup.minecraft.feather":2,"stat.pickup.minecraft.leather":4,"stat.damageTaken":1096,"stat.mineBlock.minecraft.furnace":8,"stat.mineBlock.minecraft.torch":2,"stat.useItem.minecraft.wooden_pickaxe":3,"stat.useItem.minecraft.furnace":3,"stat.pickup.minecraft.planks":1,"stat.useItem.minecraft.stone_pickaxe":95,"stat.damageDealt":2107,"stat.killEntity.Cow":3,"stat.mineBlock.minecraft.dirt":16,"stat.killEntity.Pig":4,"stat.craftItem.minecraft.iron_sword":1,"stat.mineBlock.magneticraft.ores":3,"stat.walkOneCm":89956,"stat.useItem.minecraft.torch":2,"stat.drop.minecraft.rotten_flesh":1,"stat.pickup.minecraft.crafting_table":4,"stat.useItem.minecraft.cobblestone":3,"stat.craftItem.minecraft.crafting_table":1,"stat.craftItem.minecraft.boat":1,"stat.mineBlock.harvestcraft.pamgooseberry":1,"stat.pickup.minecraft.log":16,"stat.craftItem.minecraft.iron_chestplate":1,"stat.pickup.minecraft.chicken":2,"stat.pickup.minecraft.sapling":1,"stat.pickup.minecraft.cooked_beef":2,"stat.killEntity.betteranimalsplus.bobbit_worm":1,"stat.killEntity.Skeleton":3,"stat.craftItem.minecraft.bucket":1,"stat.craftItem.minecraft.planks":52,"stat.useItem.minecraft.iron_sword":23,"stat.killEntity.Chicken":2,"stat.killEntity.Spider":2,"stat.mobKills":16,"stat.mineBlock.minecraft.log":13,"stat.craftItem.minecraft.cooked_chicken":2,"stat.useItem.minecraft.boat":1,"stat.mineBlock.minecraft.leaves":2,"stat.pickup.minecraft.torch":2,"stat.sneakTime":3274,"stat.drop.minecraft.arrow":3,"stat.mineBlock.minecraft.stone":60}