{"stat.leaveGame":1,"stat.swimOneCm":3049,"stat.climbOneCm":131,"stat.pickup.magneticraft.limestone":1,"stat.craftItem.minecraft.shield":1,"stat.pickup.minecraft.cooked_porkchop":1,"stat.pickup.minecraft.porkchop":12,"stat.useItem.minecraft.dirt":15,"stat.useItem.minecraft.stone_slab2":15,"stat.useItem.minecraft.water_bucket":4,"stat.craftItem.minecraft.furnace":2,"stat.useItem.minecraft.egg":2,"stat.craftItem.minecraft.stone_axe":1,"stat.craftItem.minecraft.stone_pickaxe":1,"stat.craftItem.minecraft.cooked_beef":3,"stat.pickup.minecraft.cobblestone":59,"stat.flyOneCm":75118,"stat.pickup.magneticraft.ores":3,"stat.useItem.minecraft.cooked_beef":5,"stat.mineBlock.minecraft.iron_ore":30,"stat.timeSinceDeath":35993,"stat.drop.minecraft.log":3,"stat.useItem.minecraft.iron_pickaxe":23,"stat.craftItem.minecraft.wooden_pickaxe":1,"stat.drop.minecraft.spider_eye":1,"stat.mineBlock.minecraft.vine":1,"stat.furnaceInteraction":27,"stat.useItem.minecraft.cooked_porkchop":8,"stat.mineBlock.minecraft.coal_ore":21,"stat.pickup.minecraft.string":3,"stat.pickup.minecraft.beef":11,"stat.pickup.minecraft.furnace":6,"stat.craftItem.minecraft.stone_slab2":0,"stat.sprintOneCm":43079,"stat.craftItem.minecraft.stick":12,"stat.mineBlock.minecraft.crafting_table":4,"stat.deaths":2,"stat.drop":6,"stat.pickup.minecraft.egg":2,"stat.playOneMinute":38236,"stat.craftItem.minecraft.iron_pickaxe":1,"stat.killEntity.Zombie":1,"stat.mineBlock.minecraft.tallgrass":3,"stat.pickup.minecraft.arrow":1,"stat.craftItem.minecraft.cooked_porkchop":7,"stat.jump":442,"stat.mineBlock.magneticraft.limestone":1,"stat.pickup.minecraft.coal":21,"stat.fallOneCm":6685,"stat.pickup.minecraft.iron_ingot":1,"stat.useItem.minecraft.stone_axe":25,"stat.crouchOneCm":6351,"stat.pickup.minecraft.spider_eye":1,"stat.craftItem.minecraft.torch":4,"stat.craftItem.minecraft.iron_ingot":16,"stat.drop.harvestcraft.walnutitem":2,"stat.pickup.minecraft.dirt":16,"stat.pickup.harvestcraft.walnutitem":2,"stat.useItem.minecraft.cooked_chicken":2,"stat.craftingTableInteraction":18,"stat.pickup.minecraft.iron_ore":30,"stat.mineBlock.minecraft.leaves2":1,"stat.pickup.minecraft.feather":2,"stat.pickup.minecraft.leather":4,"stat.damageTaken":831,"stat.mineBlock.minecraft.furnace":6,"stat.mineBlock.minecraft.torch":2,"stat.useItem.minecraft.wooden_pickaxe":3,"stat.useItem.minecraft.furnace":3,"stat.pickup.minecraft.planks":1,"stat.useItem.minecraft.stone_pickaxe":95,"stat.damageDealt":1700,"stat.killEntity.Cow":3,"stat.mineBlock.minecraft.dirt":16,"stat.killEntity.Pig":4,"stat.craftItem.minecraft.iron_sword":1,"stat.mineBlock.magneticraft.ores":3,"stat.walkOneCm":73640,"stat.useItem.minecraft.torch":2,"stat.pickup.minecraft.crafting_table":4,"stat.useItem.minecraft.cobblestone":3,"stat.craftItem.minecraft.crafting_table":1,"stat.craftItem.minecraft.boat":1,"stat.mineBlock.harvestcraft.pamgooseberry":1,"stat.pickup.minecraft.log":16,"stat.craftItem.minecraft.iron_chestplate":1,"stat.pickup.minecraft.chicken":2,"stat.pickup.minecraft.sapling":1,"stat.pickup.minecraft.cooked_beef":2,"stat.killEntity.Skeleton":2,"stat.craftItem.minecraft.bucket":1,"stat.craftItem.minecraft.planks":52,"stat.useItem.minecraft.iron_sword":16,"stat.killEntity.Chicken":2,"stat.killEntity.Spider":2,"stat.mobKills":14,"stat.mineBlock.minecraft.log":13,"stat.craftItem.minecraft.cooked_chicken":2,"stat.mineBlock.minecraft.leaves":2,"stat.pickup.minecraft.torch":2,"stat.sneakTime":2876,"stat.drop.minecraft.arrow":1,"stat.mineBlock.minecraft.stone":60}