{"stat.leaveGame":3,"stat.pickup.minecraft.gravel":8,"stat.drop.minecraft.cooked_beef":1,"stat.pickup.harvestcraft.waterchestnutitem":1,"stat.pickup.minecraft.flint":1,"stat.jump":441,"stat.swimOneCm":489,"stat.pickup.minecraft.coal":20,"stat.fallOneCm":9535,"stat.climbOneCm":1094,"stat.drop.minecraft.stone":1,"stat.useItem.minecraft.stone_axe":2,"stat.crouchOneCm":3945,"stat.craftItem.minecraft.torch":4,"stat.craftItem.minecraft.iron_ingot":12,"stat.pickup.minecraft.dirt":50,"stat.useItem.minecraft.dirt":22,"stat.useItem.minecraft.stone_slab2":11,"stat.craftingTableInteraction":6,"stat.pickup.minecraft.iron_ore":4,"stat.pickup.thermalfoundation.ore":15,"stat.craftItem.minecraft.stone_axe":1,"stat.damageTaken":990,"stat.pickup.minecraft.leather":8,"stat.craftItem.minecraft.stone_pickaxe":1,"stat.mineBlock.minecraft.torch":5,"stat.mineBlock.minecraft.furnace":1,"stat.useItem.minecraft.wooden_pickaxe":16,"stat.craftItem.minecraft.cooked_beef":11,"stat.pickup.minecraft.cobblestone":159,"stat.pickup.srparasites.assimilated_flesh":1,"stat.pickup.minecraft.planks":9,"stat.craftItem.minecraft.stone_sword":1,"stat.flyOneCm":57815,"stat.pickup.magneticraft.ores":5,"stat.pickup.minecraft.brown_mushroom":1,"stat.pickup.minecraft.wheat_seeds":1,"stat.mineBlock.minecraft.gravel":8,"stat.useItem.minecraft.stone_pickaxe":131,"stat.useItem.minecraft.cooked_beef":8,"stat.useItem.minecraft.stone_sword":15,"stat.damageDealt":890,"stat.pickup.minecraft.redstone":36,"stat.mineBlock.minecraft.iron_ore":2,"stat.timeSinceDeath":12318,"stat.killEntity.Cow":7,"stat.mineBlock.minecraft.dirt":33,"stat.useItem.minecraft.iron_pickaxe":75,"stat.craftItem.minecraft.wooden_pickaxe":2,"stat.mineBlock.magneticraft.ores":5,"stat.walkOneCm":86817,"stat.useItem.minecraft.torch":5,"stat.pickup.minecraft.crafting_table":4,"stat.mineBlock.thermalfoundation.ore":19,"stat.useItem.minecraft.cobblestone":62,"stat.craftItem.minecraft.crafting_table":3,"stat.furnaceInteraction":12,"stat.useItem.minecraft.gravel":2,"stat.mineBlock.minecraft.coal_ore":17,"stat.pickup.minecraft.log":14,"stat.pickup.harvestcraft.soggygarden":1,"stat.pickup.minecraft.beef":15,"stat.pickup.minecraft.furnace":1,"stat.craftItem.minecraft.stone_slab2":0,"stat.pickup.minecraft.stone":20,"stat.sprintOneCm":28544,"stat.pickup.minecraft.cooked_beef":1,"stat.craftItem.minecraft.stick":24,"stat.craftItem.minecraft.wooden_axe":1,"stat.craftItem.minecraft.planks":32,"stat.mineBlock.minecraft.crafting_table":4,"stat.mobKills":8,"stat.mineBlock.minecraft.log":14,"stat.craftItem.magneticraft.ingots":3,"stat.deaths":3,"stat.drop":2,"stat.playOneMinute":40504,"stat.pickup.minecraft.torch":4,"stat.mineBlock.minecraft.redstone_ore":8,"stat.sneakTime":1414,"stat.craftItem.minecraft.iron_pickaxe":1,"stat.mineBlock.harvestcraft.soggygarden":1,"stat.useItem.minecraft.wooden_axe":16,"stat.mineBlock.minecraft.stone":167,"stat.mineBlock.minecraft.tallgrass":4}