{"stats":{"minecraft:custom":{"minecraft:jump":24,"minecraft:time_since_rest":7485,"minecraft:leave_game":1,"minecraft:crouch_one_cm":101,"minecraft:damage_taken":90,"minecraft:sprint_one_cm":547,"minecraft:play_time":7485,"minecraft:walk_on_water_one_cm":955,"minecraft:time_since_death":7485,"minecraft:walk_one_cm":3278,"minecraft:sneak_time":34,"minecraft:total_world_time":7485,"minecraft:walk_under_water_one_cm":5877,"minecraft:swim_one_cm":10897,"minecraft:fall_one_cm":209,"minecraft:fly_one_cm":7059}},"DataVersion":3465}