{"stats":{"minecraft:custom":{"minecraft:jump":45,"minecraft:time_since_rest":19485,"minecraft:damage_taken":90,"minecraft:crouch_one_cm":335,"minecraft:leave_game":1,"minecraft:sprint_one_cm":547,"minecraft:play_time":19485,"minecraft:time_since_death":19485,"minecraft:walk_on_water_one_cm":955,"minecraft:walk_one_cm":8636,"minecraft:sneak_time":102,"minecraft:total_world_time":19485,"minecraft:walk_under_water_one_cm":5877,"minecraft:swim_one_cm":10897,"minecraft:fall_one_cm":209,"minecraft:fly_one_cm":7059},"minecraft:used":{"minecraft:grass_block":4}},"DataVersion":3465}