{"stat.leaveGame":4,"stat.pickup.minecraft.flint":1,"stat.pickup.minecraft.dark_oak_boat":1,"stat.swimOneCm":29005,"stat.craftItem.thermalfoundation.armor.legs_copper":1,"stat.mineBlock.harvestcraft.beehive":1,"stat.climbOneCm":1192,"stat.useItem.minecraft.planks":6,"stat.pickup.minecraft.porkchop":7,"stat.useItem.minecraft.dirt":22,"stat.useItem.minecraft.stone_slab2":19,"stat.pickup.minecraft.iron_boots":1,"stat.pickup.minecraft.sand":12,"stat.craftItem.minecraft.furnace":1,"stat.pickup.thermalfoundation.ore":33,"stat.craftItem.minecraft.stone_axe":2,"stat.craftItem.minecraft.stone_pickaxe":2,"stat.craftItem.minecraft.cooked_beef":11,"stat.pickup.minecraft.cobblestone":202,"stat.craftItem.minecraft.stone_sword":2,"stat.flyOneCm":207065,"stat.craftItem.minecraft.glass_bottle":3,"stat.pickup.magneticraft.ores":8,"stat.pickup.minecraft.brown_mushroom":1,"stat.mineBlock.minecraft.sand":12,"stat.drop.minecraft.wheat_seeds":2,"stat.useItem.minecraft.cooked_beef":8,"stat.useItem.harvestcraft.plumitem":2,"stat.pickup.minecraft.redstone":36,"stat.mineBlock.minecraft.iron_ore":2,"stat.timeSinceDeath":0,"stat.useItem.minecraft.iron_pickaxe":75,"stat.craftItem.thermalfoundation.tool.hammer_copper":1,"stat.craftItem.minecraft.wooden_pickaxe":2,"stat.pickup.cgm.basic_ammo":64,"stat.mineBlock.thermalfoundation.ore":36,"stat.furnaceInteraction":27,"stat.drop.minecraft.dirt":1,"stat.useItem.minecraft.cooked_porkchop":3,"stat.mineBlock.minecraft.coal_ore":17,"stat.craftItem.thermalfoundation.material":12,"stat.pickup.harvestcraft.soggygarden":1,"stat.pickup.minecraft.beef":15,"stat.pickup.minecraft.furnace":3,"stat.craftItem.minecraft.stone_slab2":0,"stat.sprintOneCm":70221,"stat.pickup.minecraft.iron_chestplate":1,"stat.craftItem.minecraft.stick":32,"stat.craftItem.minecraft.wooden_axe":1,"stat.mineBlock.minecraft.crafting_table":9,"stat.craftItem.minecraft.dark_oak_boat":1,"stat.deaths":12,"stat.mineBlock.minecraft.planks":4,"stat.drop":7,"stat.playOneMinute":77220,"stat.craftItem.minecraft.iron_pickaxe":1,"stat.killEntity.Zombie":2,"stat.mineBlock.minecraft.tallgrass":13,"stat.diveOneCm":64776,"stat.pickup.minecraft.gravel":8,"stat.pickup.minecraft.arrow":2,"stat.drop.minecraft.cooked_beef":1,"stat.useItem.minecraft.glass_bottle":22,"stat.craftItem.minecraft.cooked_porkchop":6,"stat.pickup.harvestcraft.waterchestnutitem":1,"stat.useItem.minecraft.potion":20,"stat.jump":1180,"stat.pickup.minecraft.coal":20,"stat.pickup.minecraft.iron_helmet":1,"stat.fallOneCm":25257,"stat.drop.minecraft.stone":1,"stat.useItem.minecraft.dark_oak_boat":2,"stat.useItem.minecraft.stone_axe":54,"stat.crouchOneCm":4069,"stat.craftItem.minecraft.torch":4,"stat.craftItem.minecraft.iron_ingot":12,"stat.pickup.minecraft.dirt":66,"stat.craftingTableInteraction":18,"stat.pickup.minecraft.iron_ore":4,"stat.boatOneCm":14456,"stat.mineBlock.minecraft.log2":31,"stat.damageTaken":3208,"stat.pickup.minecraft.leather":8,"stat.mineBlock.minecraft.torch":5,"stat.mineBlock.minecraft.furnace":3,"stat.useItem.minecraft.wooden_pickaxe":40,"stat.pickup.srparasites.assimilated_flesh":3,"stat.pickup.minecraft.log2":31,"stat.pickup.minecraft.planks":13,"stat.mineBlock.harvestcraft.pamplum":1,"stat.pickup.minecraft.iron_leggings":1,"stat.pickup.minecraft.wheat_seeds":4,"stat.entityKilledBy.Zombie":1,"stat.mineBlock.minecraft.gravel":8,"stat.useItem.minecraft.stone_pickaxe":184,"stat.useItem.minecraft.stone_sword":36,"stat.damageDealt":2739,"stat.craftItem.minecraft.glass":7,"stat.killEntity.Cow":7,"stat.mineBlock.minecraft.dirt":44,"stat.killEntity.Pig":4,"stat.mineBlock.magneticraft.ores":8,"stat.walkOneCm":145234,"stat.useItem.minecraft.torch":5,"stat.pickup.minecraft.crafting_table":9,"stat.useItem.minecraft.cobblestone":62,"stat.craftItem.minecraft.crafting_table":4,"stat.useItem.minecraft.gravel":2,"stat.pickup.cgm.handgun":1,"stat.pickup.minecraft.log":31,"stat.useItem.thermalfoundation.tool.hammer_copper":7,"stat.pickup.minecraft.stone":28,"stat.pickup.minecraft.sapling":1,"stat.pickup.minecraft.cooked_beef":1,"stat.drop.srparasites.assimilated_flesh":2,"stat.killEntity.Skeleton":1,"stat.craftItem.minecraft.planks":96,"stat.pickup.harvestcraft.queenbeeitem":1,"stat.mobKills":18,"stat.mineBlock.minecraft.log":31,"stat.pickup.harvestcraft.plumitem":2,"stat.craftItem.magneticraft.ingots":3,"stat.mineBlock.minecraft.leaves":1,"stat.pickup.minecraft.torch":4,"stat.mineBlock.minecraft.redstone_ore":8,"stat.sneakTime":1573,"stat.mineBlock.harvestcraft.soggygarden":1,"stat.useItem.minecraft.wooden_axe":22,"stat.mineBlock.minecraft.stone":218}