{"stat.walkOneCm":79115,"stat.useItem.minecraft.torch":5,"stat.leaveGame":3,"stat.pickup.minecraft.gravel":8,"stat.pickup.minecraft.crafting_table":3,"stat.drop.minecraft.cooked_beef":1,"stat.mineBlock.thermalfoundation.ore":19,"stat.useItem.minecraft.cobblestone":62,"stat.pickup.harvestcraft.waterchestnutitem":1,"stat.craftItem.minecraft.crafting_table":3,"stat.pickup.minecraft.flint":1,"stat.furnaceInteraction":12,"stat.useItem.minecraft.gravel":2,"stat.mineBlock.minecraft.coal_ore":17,"stat.pickup.minecraft.log":8,"stat.pickup.harvestcraft.soggygarden":1,"stat.jump":386,"stat.swimOneCm":489,"stat.pickup.minecraft.coal":20,"stat.fallOneCm":8281,"stat.climbOneCm":1094,"stat.pickup.minecraft.beef":11,"stat.pickup.minecraft.furnace":1,"stat.useItem.minecraft.stone_axe":2,"stat.craftItem.minecraft.stone_slab2":0,"stat.pickup.minecraft.stone":20,"stat.crouchOneCm":3945,"stat.craftItem.minecraft.torch":4,"stat.craftItem.minecraft.iron_ingot":12,"stat.pickup.minecraft.dirt":48,"stat.useItem.minecraft.dirt":20,"stat.sprintOneCm":28283,"stat.useItem.minecraft.stone_slab2":8,"stat.pickup.minecraft.cooked_beef":1,"stat.craftItem.minecraft.stick":16,"stat.craftItem.minecraft.wooden_axe":1,"stat.craftingTableInteraction":5,"stat.pickup.minecraft.iron_ore":4,"stat.pickup.thermalfoundation.ore":15,"stat.craftItem.minecraft.planks":32,"stat.craftItem.minecraft.stone_axe":1,"stat.mineBlock.minecraft.crafting_table":3,"stat.damageTaken":990,"stat.pickup.minecraft.leather":7,"stat.craftItem.minecraft.stone_pickaxe":1,"stat.mineBlock.minecraft.torch":5,"stat.mineBlock.minecraft.furnace":1,"stat.useItem.minecraft.wooden_pickaxe":16,"stat.craftItem.minecraft.cooked_beef":11,"stat.pickup.minecraft.cobblestone":159,"stat.mobKills":6,"stat.pickup.srparasites.assimilated_flesh":1,"stat.mineBlock.minecraft.log":8,"stat.craftItem.magneticraft.ingots":3,"stat.pickup.minecraft.planks":9,"stat.craftItem.minecraft.stone_sword":1,"stat.flyOneCm":48525,"stat.pickup.magneticraft.ores":5,"stat.deaths":3,"stat.drop":1,"stat.pickup.minecraft.brown_mushroom":1,"stat.pickup.minecraft.wheat_seeds":1,"stat.playOneMinute":36697,"stat.mineBlock.minecraft.gravel":8,"stat.pickup.minecraft.torch":4,"stat.useItem.minecraft.stone_pickaxe":131,"stat.useItem.minecraft.cooked_beef":8,"stat.mineBlock.minecraft.redstone_ore":8,"stat.sneakTime":1404,"stat.useItem.minecraft.stone_sword":15,"stat.craftItem.minecraft.iron_pickaxe":1,"stat.damageDealt":690,"stat.pickup.minecraft.redstone":36,"stat.mineBlock.minecraft.iron_ore":2,"stat.timeSinceDeath":8511,"stat.mineBlock.harvestcraft.soggygarden":1,"stat.useItem.minecraft.wooden_axe":2,"stat.killEntity.Cow":5,"stat.mineBlock.minecraft.dirt":31,"stat.useItem.minecraft.iron_pickaxe":75,"stat.craftItem.minecraft.wooden_pickaxe":2,"stat.mineBlock.minecraft.stone":167,"stat.mineBlock.minecraft.tallgrass":4,"stat.mineBlock.magneticraft.ores":5}