{"stat.leaveGame":3,"stat.pickup.minecraft.gravel":8,"stat.drop.minecraft.cooked_beef":1,"stat.useItem.minecraft.glass_bottle":10,"stat.pickup.harvestcraft.waterchestnutitem":1,"stat.pickup.minecraft.flint":1,"stat.useItem.minecraft.potion":7,"stat.jump":631,"stat.swimOneCm":2750,"stat.pickup.minecraft.coal":20,"stat.fallOneCm":13833,"stat.climbOneCm":1094,"stat.useItem.minecraft.planks":6,"stat.drop.minecraft.stone":1,"stat.useItem.minecraft.stone_axe":4,"stat.crouchOneCm":4068,"stat.craftItem.minecraft.torch":4,"stat.craftItem.minecraft.iron_ingot":12,"stat.pickup.minecraft.dirt":61,"stat.useItem.minecraft.dirt":22,"stat.useItem.minecraft.stone_slab2":16,"stat.craftingTableInteraction":13,"stat.pickup.minecraft.iron_ore":4,"stat.pickup.minecraft.sand":12,"stat.craftItem.minecraft.furnace":1,"stat.pickup.thermalfoundation.ore":33,"stat.craftItem.minecraft.stone_axe":2,"stat.damageTaken":1230,"stat.pickup.minecraft.leather":8,"stat.craftItem.minecraft.stone_pickaxe":2,"stat.mineBlock.minecraft.torch":5,"stat.mineBlock.minecraft.furnace":2,"stat.useItem.minecraft.wooden_pickaxe":40,"stat.craftItem.minecraft.cooked_beef":11,"stat.pickup.minecraft.cobblestone":202,"stat.pickup.srparasites.assimilated_flesh":1,"stat.pickup.minecraft.planks":13,"stat.craftItem.minecraft.stone_sword":2,"stat.flyOneCm":84962,"stat.craftItem.minecraft.glass_bottle":3,"stat.pickup.magneticraft.ores":8,"stat.pickup.minecraft.brown_mushroom":1,"stat.pickup.minecraft.wheat_seeds":2,"stat.mineBlock.minecraft.sand":12,"stat.mineBlock.minecraft.gravel":8,"stat.useItem.minecraft.stone_pickaxe":183,"stat.useItem.minecraft.cooked_beef":8,"stat.useItem.minecraft.stone_sword":17,"stat.damageDealt":934,"stat.craftItem.minecraft.glass":7,"stat.pickup.minecraft.redstone":36,"stat.mineBlock.minecraft.iron_ore":2,"stat.timeSinceDeath":966,"stat.killEntity.Cow":7,"stat.mineBlock.minecraft.dirt":44,"stat.useItem.minecraft.iron_pickaxe":75,"stat.craftItem.minecraft.wooden_pickaxe":2,"stat.mineBlock.magneticraft.ores":8,"stat.walkOneCm":107692,"stat.useItem.minecraft.torch":5,"stat.pickup.minecraft.crafting_table":8,"stat.mineBlock.thermalfoundation.ore":36,"stat.useItem.minecraft.cobblestone":62,"stat.craftItem.minecraft.crafting_table":3,"stat.furnaceInteraction":17,"stat.useItem.minecraft.gravel":2,"stat.drop.minecraft.dirt":1,"stat.mineBlock.minecraft.coal_ore":17,"stat.pickup.minecraft.log":14,"stat.pickup.harvestcraft.soggygarden":1,"stat.pickup.minecraft.beef":15,"stat.pickup.minecraft.furnace":2,"stat.craftItem.minecraft.stone_slab2":0,"stat.pickup.minecraft.stone":28,"stat.sprintOneCm":32890,"stat.pickup.minecraft.cooked_beef":1,"stat.craftItem.minecraft.stick":32,"stat.craftItem.minecraft.wooden_axe":1,"stat.craftItem.minecraft.planks":52,"stat.mineBlock.minecraft.crafting_table":8,"stat.mobKills":8,"stat.mineBlock.minecraft.log":14,"stat.craftItem.magneticraft.ingots":3,"stat.deaths":4,"stat.mineBlock.minecraft.planks":4,"stat.drop":3,"stat.playOneMinute":52204,"stat.pickup.minecraft.torch":4,"stat.mineBlock.minecraft.redstone_ore":8,"stat.sneakTime":1495,"stat.craftItem.minecraft.iron_pickaxe":1,"stat.mineBlock.harvestcraft.soggygarden":1,"stat.useItem.minecraft.wooden_axe":22,"stat.mineBlock.minecraft.stone":218,"stat.mineBlock.minecraft.tallgrass":6,"stat.diveOneCm":13081}