{"stat.drop.minecraft.stone_pickaxe":1,"stat.pickup.minecraft.bone":4,"stat.useItem.minecraft.iron_axe":4,"stat.leaveGame":2,"stat.mineBlock.minecraft.cobblestone":5,"stat.pickup.minecraft.stone_pickaxe":1,"stat.pickup.minecraft.flint":2,"stat.craftItem.minecraft.iron_axe":1,"stat.mineBlock.minecraft.brown_mushroom":1,"stat.useItem.minecraft.mutton":3,"stat.swimOneCm":15385,"stat.climbOneCm":1455,"stat.useItem.minecraft.planks":24,"stat.pickup.magneticraft.limestone":5,"stat.craftItem.minecraft.shield":2,"stat.pickup.minecraft.cooked_porkchop":10,"stat.pickup.minecraft.porkchop":33,"stat.craftItem.toughasnails.wool_leggings":1,"stat.useItem.minecraft.dirt":12,"stat.craftItem.toughasnails.wool_boots":1,"stat.pickup.betteranimalsplus.wolf_pelt_red":2,"stat.useItem.minecraft.stone_slab2":44,"stat.useItem.minecraft.water_bucket":3,"stat.pickup.minecraft.rotten_flesh":5,"stat.pickup.minecraft.sand":13,"stat.craftItem.minecraft.furnace":4,"stat.killEntity.betteranimalsplus.lammergeier":1,"stat.pickup.thermalfoundation.ore":32,"stat.entityKilledBy.Spider":1,"stat.useItem.minecraft.egg":1,"stat.craftItem.minecraft.stone_axe":3,"stat.mineBlock.nocubessrpnests.nestegg":14,"stat.craftItem.minecraft.iron_boots":1,"stat.craftItem.minecraft.stone_pickaxe":3,"stat.craftItem.minecraft.cooked_beef":26,"stat.pickup.minecraft.cobblestone":427,"stat.flyOneCm":494211,"stat.pickup.magneticraft.ores":4,"stat.pickup.minecraft.brown_mushroom":4,"stat.mineBlock.minecraft.sand":14,"stat.craftItem.toughasnails.campfire":2,"stat.drop.minecraft.wheat_seeds":3,"stat.useItem.minecraft.cooked_beef":14,"stat.mineBlock.minecraft.iron_ore":96,"stat.timeSinceDeath":56171,"stat.useItem.minecraft.iron_pickaxe":461,"stat.craftItem.minecraft.wooden_pickaxe":3,"stat.pickup.minecraft.mutton":37,"stat.mineBlock.thermalfoundation.ore":26,"stat.furnaceInteraction":64,"stat.useItem.minecraft.cooked_porkchop":12,"stat.mineBlock.minecraft.coal_ore":32,"stat.pickup.srparasites.lurecomponent1":2,"stat.pickup.minecraft.string":2,"stat.pickup.minecraft.beef":40,"stat.pickup.minecraft.furnace":9,"stat.mineBlock.harvestcraft.windygarden":1,"stat.sprintOneCm":172994,"stat.killEntity.betteranimalsplus.pheasant":3,"stat.craftItem.minecraft.stick":36,"stat.craftItem.minecraft.wooden_axe":2,"stat.mineBlock.minecraft.diamond_ore":14,"stat.pickup.nocubessrpnests.neststonelight":1,"stat.pickup.nocubessrpnests.organicsample":18,"stat.mineBlock.minecraft.crafting_table":10,"stat.useItem.minecraft.diamond_pickaxe":8,"stat.useItem.minecraft.beef":5,"stat.craftItem.toughasnails.wool_chestplate":1,"stat.deaths":7,"stat.mineBlock.minecraft.planks":5,"stat.killEntity.betteranimalsplus.songbird":1,"stat.drop":12,"stat.pickup.minecraft.egg":1,"stat.playOneMinute":123052,"stat.killEntity.Sheep":24,"stat.craftItem.minecraft.iron_pickaxe":3,"stat.craftItem.minecraft.diamond_pickaxe":1,"stat.killEntity.Zombie":4,"stat.mineBlock.minecraft.tallgrass":9,"stat.diveOneCm":13335,"stat.useItem.minecraft.stone":16,"stat.pickup.minecraft.gravel":10,"stat.pickup.minecraft.arrow":2,"stat.craftItem.minecraft.cooked_porkchop":11,"stat.mineBlock.toughasnails.campfire":2,"stat.pickup.minecraft.stone_axe":1,"stat.useItem.minecraft.apple":2,"stat.useItem.minecraft.rotten_flesh":1,"stat.jump":2678,"stat.mineBlock.magneticraft.limestone":5,"stat.pickup.minecraft.coal":62,"stat.fallOneCm":56508,"stat.pickup.minecraft.iron_ingot":1,"stat.useItem.minecraft.stone_axe":105,"stat.crouchOneCm":31341,"stat.craftItem.minecraft.iron_ingot":73,"stat.pickup.minecraft.dirt":63,"stat.craftItem.minecraft.iron_helmet":1,"stat.craftingTableInteraction":39,"stat.pickup.minecraft.iron_ore":153,"stat.pickup.harvestcraft.windygarden":1,"stat.craftItem.toughasnails.wool_helmet":1,"stat.useItem.minecraft.sapling":1,"stat.craftItem.minecraft.flint_and_steel":1,"stat.damageTaken":2565,"stat.pickup.minecraft.leather":20,"stat.pickup.minecraft.feather":3,"stat.mineBlock.minecraft.furnace":9,"stat.useItem.minecraft.wooden_pickaxe":25,"stat.useItem.minecraft.furnace":1,"stat.craftItem.betteranimalsplus.pheasantcooked":6,"stat.pickup.srparasites.assimilated_flesh":1,"stat.pickup.minecraft.planks":42,"stat.mineBlock.harvestcraft.pamplum":1,"stat.pickup.minecraft.wheat_seeds":6,"stat.mineBlock.minecraft.gravel":10,"stat.useItem.minecraft.stone_pickaxe":259,"stat.craftItem.minecraft.iron_leggings":1,"stat.damageDealt":7883,"stat.craftItem.minecraft.glass":12,"stat.killEntity.Cow":19,"stat.mineBlock.minecraft.dirt":63,"stat.useItem.minecraft.crafting_table":1,"stat.killEntity.Pig":11,"stat.mineBlock.magneticraft.ores":4,"stat.walkOneCm":219815,"stat.pickup.minecraft.crafting_table":10,"stat.useItem.minecraft.log":2,"stat.useItem.minecraft.cobblestone":74,"stat.craftItem.minecraft.crafting_table":5,"stat.mineBlock.nocubessrpnests.neststonelight":1,"stat.useItem.minecraft.gravel":6,"stat.killEntity.betteranimalsplus.feralwolf":1,"stat.pickup.betteranimalsplus.pheasantcooked":1,"stat.killEntity.betteranimalsplus.horseshoecrab":2,"stat.pickup.minecraft.log":64,"stat.pickup.minecraft.stone":101,"stat.drop.minecraft.planks":9,"stat.craftItem.minecraft.iron_chestplate":1,"stat.pickup.minecraft.chicken":1,"stat.pickup.betteranimalsplus.pheasantraw":6,"stat.pickup.minecraft.sapling":9,"stat.pickup.minecraft.apple":2,"stat.killEntity.Skeleton":2,"stat.entityKilledBy.betteranimalsplus.feralwolf":1,"stat.useItem.betteranimalsplus.pheasantcooked":3,"stat.craftItem.minecraft.bucket":1,"stat.craftItem.minecraft.planks":216,"stat.killEntity.Chicken":1,"stat.killEntity.Spider":2,"stat.mobKills":83,"stat.mineBlock.minecraft.log":64,"stat.pickup.toughasnails.wool_leggings":1,"stat.pickup.minecraft.diamond":11,"stat.mineBlock.minecraft.leaves":8,"stat.pickup.minecraft.torch":1,"stat.sneakTime":14110,"stat.pickup.minecraft.wool":24,"stat.useItem.minecraft.wooden_axe":65,"stat.pickup.minecraft.yellow_flower":1,"stat.mineBlock.minecraft.stone":502}