{"stat.drop.minecraft.stone_pickaxe":1,"stat.useItem.minecraft.iron_axe":4,"stat.leaveGame":2,"stat.mineBlock.minecraft.cobblestone":5,"stat.pickup.minecraft.stone_pickaxe":1,"stat.pickup.minecraft.flint":2,"stat.craftItem.minecraft.iron_axe":1,"stat.mineBlock.minecraft.brown_mushroom":1,"stat.useItem.minecraft.mutton":3,"stat.swimOneCm":10165,"stat.climbOneCm":1455,"stat.useItem.minecraft.planks":24,"stat.pickup.magneticraft.limestone":2,"stat.craftItem.minecraft.shield":1,"stat.craftItem.toughasnails.wool_leggings":1,"stat.useItem.minecraft.dirt":12,"stat.craftItem.toughasnails.wool_boots":1,"stat.pickup.betteranimalsplus.wolf_pelt_red":2,"stat.useItem.minecraft.stone_slab2":33,"stat.pickup.minecraft.rotten_flesh":2,"stat.pickup.minecraft.sand":12,"stat.craftItem.minecraft.furnace":4,"stat.pickup.thermalfoundation.ore":32,"stat.entityKilledBy.Spider":1,"stat.useItem.minecraft.egg":1,"stat.craftItem.minecraft.stone_axe":3,"stat.craftItem.minecraft.stone_pickaxe":3,"stat.craftItem.minecraft.cooked_beef":26,"stat.pickup.minecraft.cobblestone":309,"stat.flyOneCm":406671,"stat.pickup.magneticraft.ores":4,"stat.pickup.minecraft.brown_mushroom":4,"stat.mineBlock.minecraft.sand":13,"stat.craftItem.toughasnails.campfire":1,"stat.drop.minecraft.wheat_seeds":3,"stat.useItem.minecraft.cooked_beef":14,"stat.mineBlock.minecraft.iron_ore":49,"stat.timeSinceDeath":19271,"stat.useItem.minecraft.iron_pickaxe":235,"stat.craftItem.minecraft.wooden_pickaxe":3,"stat.pickup.minecraft.mutton":37,"stat.mineBlock.thermalfoundation.ore":26,"stat.furnaceInteraction":31,"stat.mineBlock.minecraft.coal_ore":32,"stat.pickup.minecraft.string":1,"stat.pickup.minecraft.beef":40,"stat.pickup.minecraft.furnace":2,"stat.mineBlock.harvestcraft.windygarden":1,"stat.sprintOneCm":130912,"stat.craftItem.minecraft.stick":32,"stat.craftItem.minecraft.wooden_axe":2,"stat.mineBlock.minecraft.diamond_ore":8,"stat.mineBlock.minecraft.crafting_table":7,"stat.useItem.minecraft.beef":5,"stat.craftItem.toughasnails.wool_chestplate":1,"stat.deaths":7,"stat.mineBlock.minecraft.planks":5,"stat.drop":12,"stat.pickup.minecraft.egg":1,"stat.playOneMinute":86152,"stat.killEntity.Sheep":24,"stat.craftItem.minecraft.iron_pickaxe":2,"stat.killEntity.Zombie":1,"stat.mineBlock.minecraft.tallgrass":6,"stat.diveOneCm":8242,"stat.useItem.minecraft.stone":11,"stat.pickup.minecraft.gravel":10,"stat.mineBlock.toughasnails.campfire":1,"stat.pickup.minecraft.stone_axe":1,"stat.useItem.minecraft.apple":2,"stat.useItem.minecraft.rotten_flesh":1,"stat.jump":2017,"stat.mineBlock.magneticraft.limestone":2,"stat.pickup.minecraft.coal":45,"stat.fallOneCm":44605,"stat.useItem.minecraft.stone_axe":42,"stat.crouchOneCm":25447,"stat.craftItem.minecraft.iron_ingot":31,"stat.pickup.minecraft.dirt":49,"stat.craftingTableInteraction":27,"stat.pickup.minecraft.iron_ore":62,"stat.pickup.harvestcraft.windygarden":1,"stat.craftItem.toughasnails.wool_helmet":1,"stat.useItem.minecraft.sapling":1,"stat.craftItem.minecraft.flint_and_steel":1,"stat.damageTaken":2081,"stat.pickup.minecraft.leather":17,"stat.mineBlock.minecraft.furnace":2,"stat.useItem.minecraft.wooden_pickaxe":25,"stat.useItem.minecraft.furnace":1,"stat.pickup.minecraft.planks":5,"stat.mineBlock.harvestcraft.pamplum":1,"stat.pickup.minecraft.wheat_seeds":6,"stat.mineBlock.minecraft.gravel":10,"stat.useItem.minecraft.stone_pickaxe":259,"stat.damageDealt":4508,"stat.craftItem.minecraft.glass":12,"stat.killEntity.Cow":19,"stat.mineBlock.minecraft.dirt":48,"stat.useItem.minecraft.crafting_table":1,"stat.mineBlock.magneticraft.ores":4,"stat.walkOneCm":158963,"stat.pickup.minecraft.crafting_table":7,"stat.useItem.minecraft.log":2,"stat.useItem.minecraft.cobblestone":32,"stat.craftItem.minecraft.crafting_table":5,"stat.useItem.minecraft.gravel":6,"stat.killEntity.betteranimalsplus.feralwolf":1,"stat.pickup.minecraft.log":60,"stat.pickup.minecraft.stone":53,"stat.drop.minecraft.planks":9,"stat.pickup.minecraft.sapling":9,"stat.pickup.minecraft.apple":2,"stat.entityKilledBy.betteranimalsplus.feralwolf":1,"stat.craftItem.minecraft.planks":216,"stat.killEntity.Spider":1,"stat.mobKills":47,"stat.mineBlock.minecraft.log":60,"stat.pickup.toughasnails.wool_leggings":1,"stat.pickup.minecraft.diamond":5,"stat.mineBlock.minecraft.leaves":7,"stat.pickup.minecraft.torch":1,"stat.sneakTime":11485,"stat.pickup.minecraft.wool":24,"stat.useItem.minecraft.wooden_axe":65,"stat.pickup.minecraft.yellow_flower":1,"stat.mineBlock.minecraft.stone":358}