{"stat.craftItem.nocubessrpnests.organicsample":16,"stat.leaveGame":4,"stat.craftItem.minecraft.iron_axe":2,"stat.useItem.minecraft.mutton":3,"stat.useItem.minecraft.planks":24,"stat.craftItem.minecraft.shield":2,"stat.pickup.minecraft.porkchop":55,"stat.useItem.minecraft.water_bucket":4,"stat.pickup.minecraft.rotten_flesh":9,"stat.pickup.minecraft.sand":13,"stat.entityKilledBy.Spider":2,"stat.craftItem.minecraft.stone_axe":3,"stat.mineBlock.nocubessrpnests.nestegg":27,"stat.pickup.nocubessrpnests.neststonespikes":2,"stat.pickup.magneticraft.ores":4,"stat.pickup.minecraft.brown_mushroom":4,"stat.mineBlock.minecraft.sand":14,"stat.useItem.minecraft.iron_pickaxe":461,"stat.craftItem.minecraft.wooden_pickaxe":3,"stat.furnaceInteraction":84,"stat.pickup.srparasites.lurecomponent2":1,"stat.pickup.srparasites.lurecomponent3":2,"stat.pickup.srparasites.lurecomponent1":12,"stat.pickup.minecraft.beef":40,"stat.pickup.minecraft.furnace":10,"stat.mineBlock.harvestcraft.windygarden":1,"stat.drop.nocubessrpsurvival.assimilatedsoup":1,"stat.pickup.minecraft.iron_chestplate":1,"stat.pickup.nocubessrpnests.neststonelight":1,"stat.pickup.nocubessrpsurvival.ruptersalad":1,"stat.entityKilledBy.betteranimalsplus.boar":2,"stat.useItem.minecraft.beef":6,"stat.craftItem.toughasnails.wool_chestplate":1,"stat.deaths":11,"stat.pickup.minecraft.bowl":6,"stat.killEntity.betteranimalsplus.songbird":1,"stat.pickup.minecraft.egg":1,"stat.playOneMinute":183060,"stat.craftItem.minecraft.iron_pickaxe":3,"stat.mineBlock.minecraft.tallgrass":15,"stat.mineBlock.nocubessrpnests.crateorganicsample":4,"stat.chestOpened":1,"stat.useItem.minecraft.fish":3,"stat.useItem.minecraft.stone":25,"stat.pickup.minecraft.arrow":4,"stat.mineBlock.toughasnails.campfire":2,"stat.killEntity.betteranimalsplus.shark":2,"stat.mineBlock.magneticraft.limestone":5,"stat.fallOneCm":84960,"stat.crouchOneCm":35308,"stat.craftItem.minecraft.iron_ingot":75,"stat.craftingTableInteraction":44,"stat.pickup.harvestcraft.windygarden":1,"stat.mineBlock.minecraft.log2":6,"stat.pickup.minecraft.feather":3,"stat.useItem.minecraft.furnace":1,"stat.pickup.minecraft.dye":2,"stat.pickup.minecraft.planks":96,"stat.pickup.minecraft.iron_leggings":1,"stat.pickup.harvestcraft.papayaitem":2,"stat.pickup.minecraft.wheat_seeds":6,"stat.useItem.harvestcraft.papayaitem":2,"stat.mineBlock.minecraft.gravel":10,"stat.useItem.minecraft.stone_pickaxe":259,"stat.craftItem.minecraft.iron_leggings":1,"stat.useItem.minecraft.stone_sword":4,"stat.mineBlock.minecraft.dirt":82,"stat.drop.minecraft.porkchop":4,"stat.pickup.minecraft.crafting_table":10,"stat.useItem.minecraft.log":2,"stat.useItem.minecraft.cobblestone":76,"stat.craftItem.minecraft.crafting_table":5,"stat.mineBlock.nocubessrpnests.neststonelight":1,"stat.useItem.minecraft.gravel":6,"stat.pickup.betteranimalsplus.pheasantcooked":1,"stat.killEntity.betteranimalsplus.horseshoecrab":2,"stat.pickup.minecraft.log":77,"stat.drop.minecraft.planks":9,"stat.pickup.minecraft.chicken":1,"stat.pickup.minecraft.sapling":12,"stat.pickup.minecraft.apple":2,"stat.useItem.betteranimalsplus.pheasantcooked":6,"stat.craftItem.minecraft.bucket":1,"stat.craftItem.minecraft.planks":244,"stat.pickup.minecraft.stone_sword":1,"stat.useItem.nocubessrpsurvival.ruptersalad":1,"stat.mineBlock.minecraft.log":72,"stat.craftItem.magneticraft.ingots":4,"stat.sneakTime":15983,"stat.pickup.minecraft.wool":24,"stat.pickup.nocubessrpnests.crateorganicsample":4,"stat.useItem.minecraft.wooden_axe":65,"stat.pickup.minecraft.yellow_flower":1,"stat.drop.minecraft.stone_pickaxe":1,"stat.pickup.minecraft.bone":8,"stat.useItem.minecraft.iron_axe":73,"stat.mineBlock.minecraft.cobblestone":5,"stat.pickup.minecraft.stone_pickaxe":1,"stat.pickup.minecraft.flint":2,"stat.mineBlock.srparasites.gore":4,"stat.mineBlock.minecraft.brown_mushroom":1,"stat.swimOneCm":33067,"stat.climbOneCm":2092,"stat.pickup.magneticraft.limestone":5,"stat.pickup.minecraft.cooked_porkchop":10,"stat.craftItem.toughasnails.wool_leggings":1,"stat.useItem.minecraft.dirt":14,"stat.craftItem.toughasnails.wool_boots":1,"stat.killEntity.betteranimalsplus.boar":12,"stat.pickup.betteranimalsplus.wolf_pelt_red":2,"stat.useItem.minecraft.stone_slab2":55,"stat.pickup.minecraft.iron_boots":1,"stat.craftItem.minecraft.furnace":4,"stat.killEntity.betteranimalsplus.lammergeier":1,"stat.pickup.thermalfoundation.ore":32,"stat.useItem.minecraft.egg":1,"stat.craftItem.minecraft.iron_boots":1,"stat.craftItem.minecraft.stone_pickaxe":3,"stat.craftItem.minecraft.cooked_beef":26,"stat.killEntity.betteranimalsplus.crab":1,"stat.pickup.minecraft.cobblestone":427,"stat.flyOneCm":737485,"stat.drop.minecraft.iron_helmet":1,"stat.pickup.minecraft.fish":3,"stat.craftItem.toughasnails.campfire":2,"stat.drop.minecraft.wheat_seeds":3,"stat.useItem.minecraft.cooked_beef":14,"stat.mineBlock.minecraft.iron_ore":96,"stat.timeSinceDeath":5997,"stat.pickup.minecraft.mutton":37,"stat.pickup.cgm.basic_ammo":16,"stat.mineBlock.thermalfoundation.ore":26,"stat.useItem.minecraft.cooked_porkchop":30,"stat.mineBlock.minecraft.coal_ore":32,"stat.killEntity.Creeper":2,"stat.pickup.minecraft.string":2,"stat.craftItem.nocubessrpnests.crateorganicsample":4,"stat.sprintOneCm":246773,"stat.killEntity.betteranimalsplus.pheasant":3,"stat.craftItem.nocubessrpsurvival.assimilatedsoup":1,"stat.craftItem.minecraft.stick":40,"stat.craftItem.minecraft.wooden_axe":2,"stat.mineBlock.minecraft.diamond_ore":14,"stat.pickup.nocubessrpnests.organicsample":26,"stat.mineBlock.minecraft.crafting_table":10,"stat.useItem.minecraft.diamond_pickaxe":33,"stat.mineBlock.minecraft.planks":5,"stat.drop":21,"stat.killEntity.Sheep":24,"stat.craftItem.minecraft.diamond_pickaxe":1,"stat.killEntity.Zombie":7,"stat.diveOneCm":24639,"stat.useItem.nocubessrpnests.crateorganicsample":3,"stat.drop.nocubessrpnests.organicsample":1,"stat.pickup.minecraft.gravel":10,"stat.craftItem.minecraft.cooked_porkchop":20,"stat.pickup.minecraft.stone_axe":1,"stat.useItem.minecraft.apple":2,"stat.useItem.minecraft.porkchop":2,"stat.useItem.minecraft.rotten_flesh":8,"stat.jump":4371,"stat.pickup.minecraft.coal":62,"stat.pickup.minecraft.iron_helmet":1,"stat.pickup.minecraft.iron_ingot":4,"stat.useItem.minecraft.stone_axe":113,"stat.pickup.minecraft.gunpowder":2,"stat.pickup.minecraft.dirt":72,"stat.craftItem.minecraft.iron_helmet":1,"stat.pickup.minecraft.iron_ore":153,"stat.craftItem.toughasnails.wool_helmet":1,"stat.boatOneCm":209990,"stat.useItem.minecraft.sapling":1,"stat.craftItem.minecraft.flint_and_steel":1,"stat.mineBlock.minecraft.leaves2":1,"stat.damageTaken":4532,"stat.pickup.minecraft.leather":22,"stat.mineBlock.minecraft.furnace":11,"stat.useItem.minecraft.wooden_pickaxe":25,"stat.craftItem.betteranimalsplus.pheasantcooked":6,"stat.mineBlock.nocubessrpnests.neststonespikes":3,"stat.pickup.srparasites.assimilated_flesh":7,"stat.pickup.minecraft.log2":6,"stat.mineBlock.harvestcraft.pamplum":1,"stat.damageDealt":11745,"stat.craftItem.minecraft.glass":12,"stat.killEntity.Cow":20,"stat.useItem.minecraft.crafting_table":1,"stat.killEntity.Pig":11,"stat.mineBlock.magneticraft.ores":4,"stat.walkOneCm":362910,"stat.killEntity.betteranimalsplus.feralwolf":1,"stat.pickup.cgm.handgun":1,"stat.drop.nocubessrpsurvival.ruptersalad":1,"stat.drop.minecraft.iron_chestplate":1,"stat.pickup.minecraft.stone":101,"stat.craftItem.minecraft.iron_chestplate":1,"stat.pickup.betteranimalsplus.pheasantraw":6,"stat.craftItem.nocubessrpsurvival.ruptersalad":1,"stat.killEntity.Skeleton":2,"stat.entityKilledBy.betteranimalsplus.feralwolf":1,"stat.killEntity.Chicken":1,"stat.killEntity.Spider":2,"stat.mobKills":122,"stat.useItem.minecraft.golden_apple":2,"stat.pickup.toughasnails.wool_leggings":1,"stat.pickup.minecraft.diamond":11,"stat.mineBlock.minecraft.leaves":8,"stat.pickup.minecraft.torch":1,"stat.mineBlock.minecraft.stone":502}